"Step","paper-main_4096_deep_practical_reuse-seed0-infer - aah/flops_ratio","paper-main_4096_deep_practical_reuse-seed0-infer - aah/flops_ratio__MIN","paper-main_4096_deep_practical_reuse-seed0-infer - aah/flops_ratio__MAX","paper-main_4096_deep_practical_reuse-seed0 - aah/flops_ratio","paper-main_4096_deep_practical_reuse-seed0 - aah/flops_ratio__MIN","paper-main_4096_deep_practical_reuse-seed0 - aah/flops_ratio__MAX","paper-main_4096_shallow_freeze-seed0-infer - aah/flops_ratio","paper-main_4096_shallow_freeze-seed0-infer - aah/flops_ratio__MIN","paper-main_4096_shallow_freeze-seed0-infer - aah/flops_ratio__MAX","paper-main_4096_shallow_freeze-seed0 - aah/flops_ratio","paper-main_4096_shallow_freeze-seed0 - aah/flops_ratio__MIN","paper-main_4096_shallow_freeze-seed0 - aah/flops_ratio__MAX","paper-main_4096_full_adaptive-seed0-infer - aah/flops_ratio","paper-main_4096_full_adaptive-seed0-infer - aah/flops_ratio__MIN","paper-main_4096_full_adaptive-seed0-infer - aah/flops_ratio__MAX","paper-main_4096_full_adaptive-seed0 - aah/flops_ratio","paper-main_4096_full_adaptive-seed0 - aah/flops_ratio__MIN","paper-main_4096_full_adaptive-seed0 - aah/flops_ratio__MAX","paper-main_4096_grouping_off-seed0-infer - aah/flops_ratio","paper-main_4096_grouping_off-seed0-infer - aah/flops_ratio__MIN","paper-main_4096_grouping_off-seed0-infer - aah/flops_ratio__MAX","paper-main_4096_grouping_off-seed0 - aah/flops_ratio","paper-main_4096_grouping_off-seed0 - aah/flops_ratio__MIN","paper-main_4096_grouping_off-seed0 - aah/flops_ratio__MAX","paper-main_4096_pure_baseline-seed0-infer - aah/flops_ratio","paper-main_4096_pure_baseline-seed0-infer - aah/flops_ratio__MIN","paper-main_4096_pure_baseline-seed0-infer - aah/flops_ratio__MAX","paper-main_4096_pure_baseline-seed0 - aah/flops_ratio","paper-main_4096_pure_baseline-seed0 - aah/flops_ratio__MIN","paper-main_4096_pure_baseline-seed0 - aah/flops_ratio__MAX"
"0","0.8035817307692308","0.8035817307692308","0.8035817307692308","","","","0.7969350961538462","0.7969350961538462","0.7969350961538462","","","","0.7687419871794872","0.7687419871794872","0.7687419871794872","","","","0.870556891025641","0.870556891025641","0.870556891025641","","","","1","1","1","","",""
"1","","","","1","1","1","","","","1","1","1","","","","1","1","1","","","","1","1","1","","","","1","1","1"
"2","","","","1","1","1","","","","1","1","1","","","","1","1","1","","","","1","1","1","","","","1","1","1"
"3","","","","0.7944711538461539","0.7944711538461539","0.7944711538461539","","","","0.8169070512820513","0.8169070512820513","0.8169070512820513","","","","0.8080929487179487","0.8080929487179487","0.8080929487179487","","","","0.8725961538461539","0.8725961538461539","0.8725961538461539","","","","1","1","1"
"4","","","","0.7944711538461539","0.7944711538461539","0.7944711538461539","","","","0.813301282051282","0.813301282051282","0.813301282051282","","","","0.7932692307692307","0.7932692307692307","0.7932692307692307","","","","0.8711939102564102","0.8711939102564102","0.8711939102564102","","","","1","1","1"
"6","","","","0.7944711538461539","0.7944711538461539","0.7944711538461539","","","","0.813301282051282","0.813301282051282","0.813301282051282","","","","0.7946714743589743","0.7946714743589743","0.7946714743589743","","","","0.8711939102564102","0.8711939102564102","0.8711939102564102","","","","1","1","1"
"7","","","","0.7956730769230769","0.7956730769230769","0.7956730769230769","","","","0.813301282051282","0.813301282051282","0.813301282051282","","","","0.7946714743589743","0.7946714743589743","0.7946714743589743","","","","0.8711939102564102","0.8711939102564102","0.8711939102564102","","","","1","1","1"
"8","","","","0.7956730769230769","0.7956730769230769","0.7956730769230769","","","","0.813301282051282","0.813301282051282","0.813301282051282","","","","0.7950721153846154","0.7950721153846154","0.7950721153846154","","","","0.8699919871794872","0.8699919871794872","0.8699919871794872","","","","1","1","1"
"9","","","","0.8040865384615384","0.8040865384615384","0.8040865384615384","","","","0.813301282051282","0.813301282051282","0.813301282051282","","","","0.8040865384615384","0.8040865384615384","0.8040865384615384","","","","0.8685897435897436","0.8685897435897436","0.8685897435897436","","","","1","1","1"
"11","","","","0.8112980769230769","0.8112980769230769","0.8112980769230769","","","","0.8205128205128205","0.8205128205128205","0.8205128205128205","","","","0.8036858974358975","0.8036858974358975","0.8036858974358975","","","","0.8685897435897436","0.8685897435897436","0.8685897435897436","","","","1","1","1"
"12","","","","0.8112980769230769","0.8112980769230769","0.8112980769230769","","","","0.8177083333333334","0.8177083333333334","0.8177083333333334","","","","0.803886217948718","0.803886217948718","0.803886217948718","","","","0.8685897435897436","0.8685897435897436","0.8685897435897436","","","","1","1","1"
"13","","","","0.8016826923076923","0.8016826923076923","0.8016826923076923","","","","0.8092948717948718","0.8092948717948718","0.8092948717948718","","","","0.803886217948718","0.803886217948718","0.803886217948718","","","","0.8685897435897436","0.8685897435897436","0.8685897435897436","","","","1","1","1"
"14","","","","0.8004807692307693","0.8004807692307693","0.8004807692307693","","","","0.8092948717948718","0.8092948717948718","0.8092948717948718","","","","0.8040865384615384","0.8040865384615384","0.8040865384615384","","","","0.8685897435897436","0.8685897435897436","0.8685897435897436","","","","1","1","1"
"16","","","","0.8028846153846154","0.8028846153846154","0.8028846153846154","","","","0.8120993589743589","0.8120993589743589","0.8120993589743589","","","","0.8028846153846154","0.8028846153846154","0.8028846153846154","","","","0.8685897435897436","0.8685897435897436","0.8685897435897436","","","","1","1","1"
"17","","","","0.8028846153846154","0.8028846153846154","0.8028846153846154","","","","0.8120993589743589","0.8120993589743589","0.8120993589743589","","","","0.8032852564102564","0.8032852564102564","0.8032852564102564","","","","0.8699919871794872","0.8699919871794872","0.8699919871794872","","","","1","1","1"
"18","","","","0.8004807692307693","0.8004807692307693","0.8004807692307693","","","","0.8092948717948718","0.8092948717948718","0.8092948717948718","","","","0.8004807692307693","0.8004807692307693","0.8004807692307693","","","","0.8699919871794872","0.8699919871794872","0.8699919871794872","","","","1","1","1"
"19","","","","0.8004807692307693","0.8004807692307693","0.8004807692307693","","","","0.8092948717948718","0.8092948717948718","0.8092948717948718","","","","0.8004807692307693","0.8004807692307693","0.8004807692307693","","","","0.8687900641025641","0.8687900641025641","0.8687900641025641","","","","1","1","1"
"21","","","","0.8004807692307693","0.8004807692307693","0.8004807692307693","","","","0.8092948717948718","0.8092948717948718","0.8092948717948718","","","","0.8004807692307693","0.8004807692307693","0.8004807692307693","","","","0.8685897435897436","0.8685897435897436","0.8685897435897436","","","","1","1","1"
"22","","","","0.8004807692307693","0.8004807692307693","0.8004807692307693","","","","0.8092948717948718","0.8092948717948718","0.8092948717948718","","","","0.8004807692307693","0.8004807692307693","0.8004807692307693","","","","0.8673878205128205","0.8673878205128205","0.8673878205128205","","","","1","1","1"
"23","","","","0.8004807692307693","0.8004807692307693","0.8004807692307693","","","","0.8092948717948718","0.8092948717948718","0.8092948717948718","","","","0.8004807692307693","0.8004807692307693","0.8004807692307693","","","","0.8661858974358975","0.8661858974358975","0.8661858974358975","","","","1","1","1"
"24","","","","0.8004807692307693","0.8004807692307693","0.8004807692307693","","","","0.8092948717948718","0.8092948717948718","0.8092948717948718","","","","0.8004807692307693","0.8004807692307693","0.8004807692307693","","","","0.8673878205128205","0.8673878205128205","0.8673878205128205","","","","1","1","1"
"26","","","","0.7920673076923077","0.7920673076923077","0.7920673076923077","","","","0.8092948717948718","0.8092948717948718","0.8092948717948718","","","","0.8004807692307693","0.8004807692307693","0.8004807692307693","","","","0.8673878205128205","0.8673878205128205","0.8673878205128205","","","","1","1","1"
"27","","","","0.8004807692307693","0.8004807692307693","0.8004807692307693","","","","0.8092948717948718","0.8092948717948718","0.8092948717948718","","","","0.8004807692307693","0.8004807692307693","0.8004807692307693","","","","0.8673878205128205","0.8673878205128205","0.8673878205128205","","","","1","1","1"
"28","","","","0.7908653846153846","0.7908653846153846","0.7908653846153846","","","","0.8092948717948718","0.8092948717948718","0.8092948717948718","","","","0.8004807692307693","0.8004807692307693","0.8004807692307693","","","","0.8673878205128205","0.8673878205128205","0.8673878205128205","","","","1","1","1"
"29","","","","0.7992788461538461","0.7992788461538461","0.7992788461538461","","","","0.8092948717948718","0.8092948717948718","0.8092948717948718","","","","0.8004807692307693","0.8004807692307693","0.8004807692307693","","","","0.8673878205128205","0.8673878205128205","0.8673878205128205","","","","1","1","1"
"31","","","","0.8004807692307693","0.8004807692307693","0.8004807692307693","","","","0.8092948717948718","0.8092948717948718","0.8092948717948718","","","","0.8004807692307693","0.8004807692307693","0.8004807692307693","","","","0.8685897435897436","0.8685897435897436","0.8685897435897436","","","","1","1","1"
"32","","","","0.7992788461538461","0.7992788461538461","0.7992788461538461","","","","0.8092948717948718","0.8092948717948718","0.8092948717948718","","","","0.8004807692307693","0.8004807692307693","0.8004807692307693","","","","0.8673878205128205","0.8673878205128205","0.8673878205128205","","","","1","1","1"
"33","","","","0.8004807692307693","0.8004807692307693","0.8004807692307693","","","","0.8092948717948718","0.8092948717948718","0.8092948717948718","","","","0.8050881410256411","0.8050881410256411","0.8050881410256411","","","","0.8673878205128205","0.8673878205128205","0.8673878205128205","","","","1","1","1"
"34","","","","0.7920673076923077","0.7920673076923077","0.7920673076923077","","","","0.8092948717948718","0.8092948717948718","0.8092948717948718","","","","0.7992788461538461","0.7992788461538461","0.7992788461538461","","","","0.8673878205128205","0.8673878205128205","0.8673878205128205","","","","1","1","1"
"36","","","","0.7920673076923077","0.7920673076923077","0.7920673076923077","","","","0.8092948717948718","0.8092948717948718","0.8092948717948718","","","","0.7918669871794872","0.7918669871794872","0.7918669871794872","","","","0.8673878205128205","0.8673878205128205","0.8673878205128205","","","","1","1","1"
"37","","","","0.7872596153846154","0.7872596153846154","0.7872596153846154","","","","0.8092948717948718","0.8092948717948718","0.8092948717948718","","","","0.7866586538461539","0.7866586538461539","0.7866586538461539","","","","0.8673878205128205","0.8673878205128205","0.8673878205128205","","","","1","1","1"
"38","","","","0.7788461538461539","0.7788461538461539","0.7788461538461539","","","","0.8092948717948718","0.8092948717948718","0.8092948717948718","","","","0.7874599358974359","0.7874599358974359","0.7874599358974359","","","","0.8673878205128205","0.8673878205128205","0.8673878205128205","","","","1","1","1"
"39","","","","0.7872596153846154","0.7872596153846154","0.7872596153846154","","","","0.8092948717948718","0.8092948717948718","0.8092948717948718","","","","0.7954727564102564","0.7954727564102564","0.7954727564102564","","","","0.8673878205128205","0.8673878205128205","0.8673878205128205","","","","1","1","1"
"41","","","","0.7800480769230769","0.7800480769230769","0.7800480769230769","","","","0.8092948717948718","0.8092948717948718","0.8092948717948718","","","","0.7696314102564102","0.7696314102564102","0.7696314102564102","","","","0.8673878205128205","0.8673878205128205","0.8673878205128205","","","","1","1","1"
"42","","","","0.7788461538461539","0.7788461538461539","0.7788461538461539","","","","0.8092948717948718","0.8092948717948718","0.8092948717948718","","","","0.7822516025641025","0.7822516025641025","0.7822516025641025","","","","0.8673878205128205","0.8673878205128205","0.8673878205128205","","","","1","1","1"
"43","","","","0.7800480769230769","0.7800480769230769","0.7800480769230769","","","","0.8092948717948718","0.8092948717948718","0.8092948717948718","","","","0.7834535256410257","0.7834535256410257","0.7834535256410257","","","","0.8673878205128205","0.8673878205128205","0.8673878205128205","","","","1","1","1"
"44","","","","0.7800480769230769","0.7800480769230769","0.7800480769230769","","","","0.8092948717948718","0.8092948717948718","0.8092948717948718","","","","0.7864583333333334","0.7864583333333334","0.7864583333333334","","","","0.8659855769230769","0.8659855769230769","0.8659855769230769","","","","1","1","1"
"46","","","","0.7788461538461539","0.7788461538461539","0.7788461538461539","","","","0.8092948717948718","0.8092948717948718","0.8092948717948718","","","","0.782051282051282","0.782051282051282","0.782051282051282","","","","0.8647836538461539","0.8647836538461539","0.8647836538461539","","","","1","1","1"
"47","","","","0.7800480769230769","0.7800480769230769","0.7800480769230769","","","","0.8092948717948718","0.8092948717948718","0.8092948717948718","","","","0.7880608974358975","0.7880608974358975","0.7880608974358975","","","","0.8649839743589743","0.8649839743589743","0.8649839743589743","","","","1","1","1"
"48","","","","0.7800480769230769","0.7800480769230769","0.7800480769230769","","","","0.8092948717948718","0.8092948717948718","0.8092948717948718","","","","0.7880608974358975","0.7880608974358975","0.7880608974358975","","","","0.8659855769230769","0.8659855769230769","0.8659855769230769","","","","1","1","1"
"49","","","","0.7800480769230769","0.7800480769230769","0.7800480769230769","","","","0.8092948717948718","0.8092948717948718","0.8092948717948718","","","","0.7682291666666666","0.7682291666666666","0.7682291666666666","","","","0.8645833333333334","0.8645833333333334","0.8645833333333334","","","","1","1","1"
"51","","","","0.7800480769230769","0.7800480769230769","0.7800480769230769","","","","0.8092948717948718","0.8092948717948718","0.8092948717948718","","","","0.7706330128205128","0.7706330128205128","0.7706330128205128","","","","0.8645833333333334","0.8645833333333334","0.8645833333333334","","","","1","1","1"
"52","","","","0.7800480769230769","0.7800480769230769","0.7800480769230769","","","","0.8092948717948718","0.8092948717948718","0.8092948717948718","","","","0.7682291666666666","0.7682291666666666","0.7682291666666666","","","","0.8659855769230769","0.8659855769230769","0.8659855769230769","","","","1","1","1"
"53","","","","0.78125","0.78125","0.78125","","","","0.8092948717948718","0.8092948717948718","0.8092948717948718","","","","0.7754407051282052","0.7754407051282052","0.7754407051282052","","","","0.8659855769230769","0.8659855769230769","0.8659855769230769","","","","1","1","1"
"54","","","","0.7800480769230769","0.7800480769230769","0.7800480769230769","","","","0.8092948717948718","0.8092948717948718","0.8092948717948718","","","","0.7638221153846154","0.7638221153846154","0.7638221153846154","","","","0.8645833333333334","0.8645833333333334","0.8645833333333334","","","","1","1","1"
"56","","","","0.7920673076923077","0.7920673076923077","0.7920673076923077","","","","0.8092948717948718","0.8092948717948718","0.8092948717948718","","","","0.7674278846153846","0.7674278846153846","0.7674278846153846","","","","0.8645833333333334","0.8645833333333334","0.8645833333333334","","","","1","1","1"
"57","","","","0.7920673076923077","0.7920673076923077","0.7920673076923077","","","","0.8092948717948718","0.8092948717948718","0.8092948717948718","","","","0.7672275641025641","0.7672275641025641","0.7672275641025641","","","","0.8659855769230769","0.8659855769230769","0.8659855769230769","","","","1","1","1"
"58","","","","0.7800480769230769","0.7800480769230769","0.7800480769230769","","","","0.8092948717948718","0.8092948717948718","0.8092948717948718","","","","0.7668269230769231","0.7668269230769231","0.7668269230769231","","","","0.8633814102564102","0.8633814102564102","0.8633814102564102","","","","1","1","1"
"59","","","","0.7920673076923077","0.7920673076923077","0.7920673076923077","","","","0.8092948717948718","0.8092948717948718","0.8092948717948718","","","","0.7680288461538461","0.7680288461538461","0.7680288461538461","","","","0.8645833333333334","0.8645833333333334","0.8645833333333334","","","","1","1","1"
"61","","","","0.7920673076923077","0.7920673076923077","0.7920673076923077","","","","0.8092948717948718","0.8092948717948718","0.8092948717948718","","","","0.7680288461538461","0.7680288461538461","0.7680288461538461","","","","0.8647836538461539","0.8647836538461539","0.8647836538461539","","","","1","1","1"
"62","","","","0.7920673076923077","0.7920673076923077","0.7920673076923077","","","","0.8092948717948718","0.8092948717948718","0.8092948717948718","","","","0.772636217948718","0.772636217948718","0.772636217948718","","","","0.8647836538461539","0.8647836538461539","0.8647836538461539","","","","1","1","1"
"63","","","","0.7920673076923077","0.7920673076923077","0.7920673076923077","","","","0.8092948717948718","0.8092948717948718","0.8092948717948718","","","","0.7724358974358975","0.7724358974358975","0.7724358974358975","","","","0.8647836538461539","0.8647836538461539","0.8647836538461539","","","","1","1","1"
"64","","","","0.7932692307692307","0.7932692307692307","0.7932692307692307","","","","0.8092948717948718","0.8092948717948718","0.8092948717948718","","","","0.772636217948718","0.772636217948718","0.772636217948718","","","","0.8647836538461539","0.8647836538461539","0.8647836538461539","","","","1","1","1"
"66","","","","0.7920673076923077","0.7920673076923077","0.7920673076923077","","","","0.8092948717948718","0.8092948717948718","0.8092948717948718","","","","0.7712339743589743","0.7712339743589743","0.7712339743589743","","","","0.8635817307692307","0.8635817307692307","0.8635817307692307","","","","1","1","1"
"67","","","","0.7920673076923077","0.7920673076923077","0.7920673076923077","","","","0.8092948717948718","0.8092948717948718","0.8092948717948718","","","","0.7736378205128205","0.7736378205128205","0.7736378205128205","","","","0.8635817307692307","0.8635817307692307","0.8635817307692307","","","","1","1","1"
"68","","","","0.7920673076923077","0.7920673076923077","0.7920673076923077","","","","0.8092948717948718","0.8092948717948718","0.8092948717948718","","","","0.7736378205128205","0.7736378205128205","0.7736378205128205","","","","0.8635817307692307","0.8635817307692307","0.8635817307692307","","","","1","1","1"
"69","","","","0.7800480769230769","0.7800480769230769","0.7800480769230769","","","","0.8092948717948718","0.8092948717948718","0.8092948717948718","","","","0.7736378205128205","0.7736378205128205","0.7736378205128205","","","","0.8647836538461539","0.8647836538461539","0.8647836538461539","","","","1","1","1"
"71","","","","0.7800480769230769","0.7800480769230769","0.7800480769230769","","","","0.8092948717948718","0.8092948717948718","0.8092948717948718","","","","0.7736378205128205","0.7736378205128205","0.7736378205128205","","","","0.8633814102564102","0.8633814102564102","0.8633814102564102","","","","1","1","1"
"72","","","","0.7800480769230769","0.7800480769230769","0.7800480769230769","","","","0.8092948717948718","0.8092948717948718","0.8092948717948718","","","","0.7736378205128205","0.7736378205128205","0.7736378205128205","","","","0.8633814102564102","0.8633814102564102","0.8633814102564102","","","","1","1","1"
"73","","","","0.7800480769230769","0.7800480769230769","0.7800480769230769","","","","0.8092948717948718","0.8092948717948718","0.8092948717948718","","","","0.7736378205128205","0.7736378205128205","0.7736378205128205","","","","0.8621794871794872","0.8621794871794872","0.8621794871794872","","","","1","1","1"
"74","","","","0.78125","0.78125","0.78125","","","","0.8092948717948718","0.8092948717948718","0.8092948717948718","","","","0.7736378205128205","0.7736378205128205","0.7736378205128205","","","","0.8633814102564102","0.8633814102564102","0.8633814102564102","","","","1","1","1"
"76","","","","0.7800480769230769","0.7800480769230769","0.7800480769230769","","","","0.8092948717948718","0.8092948717948718","0.8092948717948718","","","","0.7736378205128205","0.7736378205128205","0.7736378205128205","","","","0.8635817307692307","0.8635817307692307","0.8635817307692307","","","","1","1","1"
"77","","","","0.7800480769230769","0.7800480769230769","0.7800480769230769","","","","0.8092948717948718","0.8092948717948718","0.8092948717948718","","","","0.772636217948718","0.772636217948718","0.772636217948718","","","","0.8621794871794872","0.8621794871794872","0.8621794871794872","","","","1","1","1"
"78","","","","0.7800480769230769","0.7800480769230769","0.7800480769230769","","","","0.8092948717948718","0.8092948717948718","0.8092948717948718","","","","0.7748397435897436","0.7748397435897436","0.7748397435897436","","","","0.8635817307692307","0.8635817307692307","0.8635817307692307","","","","1","1","1"
"79","","","","0.7800480769230769","0.7800480769230769","0.7800480769230769","","","","0.8092948717948718","0.8092948717948718","0.8092948717948718","","","","0.7706330128205128","0.7706330128205128","0.7706330128205128","","","","0.8637820512820513","0.8637820512820513","0.8637820512820513","","","","1","1","1"
"81","","","","0.7800480769230769","0.7800480769230769","0.7800480769230769","","","","0.8092948717948718","0.8092948717948718","0.8092948717948718","","","","0.7678285256410257","0.7678285256410257","0.7678285256410257","","","","0.8623798076923077","0.8623798076923077","0.8623798076923077","","","","1","1","1"
"82","","","","0.7800480769230769","0.7800480769230769","0.7800480769230769","","","","0.8092948717948718","0.8092948717948718","0.8092948717948718","","","","0.7680288461538461","0.7680288461538461","0.7680288461538461","","","","0.8635817307692307","0.8635817307692307","0.8635817307692307","","","","1","1","1"
"83","","","","0.7800480769230769","0.7800480769230769","0.7800480769230769","","","","0.8092948717948718","0.8092948717948718","0.8092948717948718","","","","0.7678285256410257","0.7678285256410257","0.7678285256410257","","","","0.8635817307692307","0.8635817307692307","0.8635817307692307","","","","1","1","1"
"84","","","","0.7800480769230769","0.7800480769230769","0.7800480769230769","","","","0.8092948717948718","0.8092948717948718","0.8092948717948718","","","","0.7680288461538461","0.7680288461538461","0.7680288461538461","","","","0.8635817307692307","0.8635817307692307","0.8635817307692307","","","","1","1","1"
"86","","","","0.78125","0.78125","0.78125","","","","0.8092948717948718","0.8092948717948718","0.8092948717948718","","","","0.7680288461538461","0.7680288461538461","0.7680288461538461","","","","0.8609775641025641","0.8609775641025641","0.8609775641025641","","","","1","1","1"
"87","","","","0.78125","0.78125","0.78125","","","","0.8092948717948718","0.8092948717948718","0.8092948717948718","","","","0.7680288461538461","0.7680288461538461","0.7680288461538461","","","","0.8635817307692307","0.8635817307692307","0.8635817307692307","","","","1","1","1"
"88","","","","0.7800480769230769","0.7800480769230769","0.7800480769230769","","","","0.8092948717948718","0.8092948717948718","0.8092948717948718","","","","0.7680288461538461","0.7680288461538461","0.7680288461538461","","","","0.8623798076923077","0.8623798076923077","0.8623798076923077","","","","1","1","1"
"89","","","","0.7800480769230769","0.7800480769230769","0.7800480769230769","","","","0.8092948717948718","0.8092948717948718","0.8092948717948718","","","","0.7680288461538461","0.7680288461538461","0.7680288461538461","","","","0.8609775641025641","0.8609775641025641","0.8609775641025641","","","","1","1","1"
"91","","","","0.7800480769230769","0.7800480769230769","0.7800480769230769","","","","0.8092948717948718","0.8092948717948718","0.8092948717948718","","","","0.7700320512820513","0.7700320512820513","0.7700320512820513","","","","0.8623798076923077","0.8623798076923077","0.8623798076923077","","","","1","1","1"
"92","","","","0.7800480769230769","0.7800480769230769","0.7800480769230769","","","","0.8092948717948718","0.8092948717948718","0.8092948717948718","","","","0.7698317307692307","0.7698317307692307","0.7698317307692307","","","","0.8609775641025641","0.8609775641025641","0.8609775641025641","","","","1","1","1"
"93","","","","0.7800480769230769","0.7800480769230769","0.7800480769230769","","","","0.8092948717948718","0.8092948717948718","0.8092948717948718","","","","0.7698317307692307","0.7698317307692307","0.7698317307692307","","","","0.8621794871794872","0.8621794871794872","0.8621794871794872","","","","1","1","1"
"94","","","","0.7800480769230769","0.7800480769230769","0.7800480769230769","","","","0.8092948717948718","0.8092948717948718","0.8092948717948718","","","","0.7698317307692307","0.7698317307692307","0.7698317307692307","","","","0.8649839743589743","0.8649839743589743","0.8649839743589743","","","","1","1","1"
"96","","","","0.7800480769230769","0.7800480769230769","0.7800480769230769","","","","0.8092948717948718","0.8092948717948718","0.8092948717948718","","","","0.7670272435897436","0.7670272435897436","0.7670272435897436","","","","0.8623798076923077","0.8623798076923077","0.8623798076923077","","","","1","1","1"
"97","","","","0.7800480769230769","0.7800480769230769","0.7800480769230769","","","","0.8092948717948718","0.8092948717948718","0.8092948717948718","","","","0.7672275641025641","0.7672275641025641","0.7672275641025641","","","","0.8635817307692307","0.8635817307692307","0.8635817307692307","","","","1","1","1"
"98","","","","0.7800480769230769","0.7800480769230769","0.7800480769230769","","","","0.8092948717948718","0.8092948717948718","0.8092948717948718","","","","0.7700320512820513","0.7700320512820513","0.7700320512820513","","","","0.8635817307692307","0.8635817307692307","0.8635817307692307","","","","1","1","1"
"99","","","","0.7800480769230769","0.7800480769230769","0.7800480769230769","","","","0.8092948717948718","0.8092948717948718","0.8092948717948718","","","","0.7672275641025641","0.7672275641025641","0.7672275641025641","","","","0.8635817307692307","0.8635817307692307","0.8635817307692307","","","","1","1","1"
"101","","","","0.7800480769230769","0.7800480769230769","0.7800480769230769","","","","0.8092948717948718","0.8092948717948718","0.8092948717948718","","","","0.7700320512820513","0.7700320512820513","0.7700320512820513","","","","0.8623798076923077","0.8623798076923077","0.8623798076923077","","","","1","1","1"
"102","","","","0.7800480769230769","0.7800480769230769","0.7800480769230769","","","","0.8092948717948718","0.8092948717948718","0.8092948717948718","","","","0.7700320512820513","0.7700320512820513","0.7700320512820513","","","","0.8623798076923077","0.8623798076923077","0.8623798076923077","","","","1","1","1"
"103","","","","0.7800480769230769","0.7800480769230769","0.7800480769230769","","","","0.8092948717948718","0.8092948717948718","0.8092948717948718","","","","0.7700320512820513","0.7700320512820513","0.7700320512820513","","","","0.8623798076923077","0.8623798076923077","0.8623798076923077","","","","1","1","1"
"104","","","","0.7800480769230769","0.7800480769230769","0.7800480769230769","","","","0.8153044871794872","0.8153044871794872","0.8153044871794872","","","","0.7712339743589743","0.7712339743589743","0.7712339743589743","","","","0.8635817307692307","0.8635817307692307","0.8635817307692307","","","","1","1","1"
"106","","","","0.7800480769230769","0.7800480769230769","0.7800480769230769","","","","0.8092948717948718","0.8092948717948718","0.8092948717948718","","","","0.7712339743589743","0.7712339743589743","0.7712339743589743","","","","0.8637820512820513","0.8637820512820513","0.8637820512820513","","","","1","1","1"
"107","","","","0.7800480769230769","0.7800480769230769","0.7800480769230769","","","","0.8092948717948718","0.8092948717948718","0.8092948717948718","","","","0.7712339743589743","0.7712339743589743","0.7712339743589743","","","","0.8635817307692307","0.8635817307692307","0.8635817307692307","","","","1","1","1"
"108","","","","0.7800480769230769","0.7800480769230769","0.7800480769230769","","","","0.8092948717948718","0.8092948717948718","0.8092948717948718","","","","0.7672275641025641","0.7672275641025641","0.7672275641025641","","","","0.8635817307692307","0.8635817307692307","0.8635817307692307","","","","1","1","1"
"109","","","","0.7800480769230769","0.7800480769230769","0.7800480769230769","","","","0.8092948717948718","0.8092948717948718","0.8092948717948718","","","","0.7712339743589743","0.7712339743589743","0.7712339743589743","","","","0.8635817307692307","0.8635817307692307","0.8635817307692307","","","","1","1","1"
"111","","","","0.7800480769230769","0.7800480769230769","0.7800480769230769","","","","0.8092948717948718","0.8092948717948718","0.8092948717948718","","","","0.7712339743589743","0.7712339743589743","0.7712339743589743","","","","0.866386217948718","0.866386217948718","0.866386217948718","","","","1","1","1"
"112","","","","0.7920673076923077","0.7920673076923077","0.7920673076923077","","","","0.8092948717948718","0.8092948717948718","0.8092948717948718","","","","0.7732371794871795","0.7732371794871795","0.7732371794871795","","","","0.866386217948718","0.866386217948718","0.866386217948718","","","","1","1","1"
"113","","","","0.7800480769230769","0.7800480769230769","0.7800480769230769","","","","0.8092948717948718","0.8092948717948718","0.8092948717948718","","","","0.7732371794871795","0.7732371794871795","0.7732371794871795","","","","0.8623798076923077","0.8623798076923077","0.8623798076923077","","","","1","1","1"
"114","","","","0.7920673076923077","0.7920673076923077","0.7920673076923077","","","","0.8092948717948718","0.8092948717948718","0.8092948717948718","","","","0.7730368589743589","0.7730368589743589","0.7730368589743589","","","","0.866386217948718","0.866386217948718","0.866386217948718","","","","1","1","1"
"116","","","","0.7800480769230769","0.7800480769230769","0.7800480769230769","","","","0.8092948717948718","0.8092948717948718","0.8092948717948718","","","","0.7730368589743589","0.7730368589743589","0.7730368589743589","","","","0.8635817307692307","0.8635817307692307","0.8635817307692307","","","","1","1","1"
"117","","","","0.7800480769230769","0.7800480769230769","0.7800480769230769","","","","0.8092948717948718","0.8092948717948718","0.8092948717948718","","","","0.7730368589743589","0.7730368589743589","0.7730368589743589","","","","0.8635817307692307","0.8635817307692307","0.8635817307692307","","","","1","1","1"
"118","","","","0.7800480769230769","0.7800480769230769","0.7800480769230769","","","","0.8092948717948718","0.8092948717948718","0.8092948717948718","","","","0.7730368589743589","0.7730368589743589","0.7730368589743589","","","","0.866386217948718","0.866386217948718","0.866386217948718","","","","1","1","1"
"119","","","","0.78125","0.78125","0.78125","","","","0.8092948717948718","0.8092948717948718","0.8092948717948718","","","","0.7738381410256411","0.7738381410256411","0.7738381410256411","","","","0.8649839743589743","0.8649839743589743","0.8649839743589743","","","","1","1","1"
"121","","","","0.7800480769230769","0.7800480769230769","0.7800480769230769","","","","0.8092948717948718","0.8092948717948718","0.8092948717948718","","","","0.7740384615384616","0.7740384615384616","0.7740384615384616","","","","0.866386217948718","0.866386217948718","0.866386217948718","","","","1","1","1"
"122","","","","0.7800480769230769","0.7800480769230769","0.7800480769230769","","","","0.8092948717948718","0.8092948717948718","0.8092948717948718","","","","0.7740384615384616","0.7740384615384616","0.7740384615384616","","","","0.866386217948718","0.866386217948718","0.866386217948718","","","","1","1","1"
"123","","","","0.7800480769230769","0.7800480769230769","0.7800480769230769","","","","0.8092948717948718","0.8092948717948718","0.8092948717948718","","","","0.7740384615384616","0.7740384615384616","0.7740384615384616","","","","0.8677884615384616","0.8677884615384616","0.8677884615384616","","","","1","1","1"
"124","","","","0.7800480769230769","0.7800480769230769","0.7800480769230769","","","","0.8153044871794872","0.8153044871794872","0.8153044871794872","","","","0.7740384615384616","0.7740384615384616","0.7740384615384616","","","","0.8649839743589743","0.8649839743589743","0.8649839743589743","","","","1","1","1"
"126","","","","0.7800480769230769","0.7800480769230769","0.7800480769230769","","","","0.8092948717948718","0.8092948717948718","0.8092948717948718","","","","0.7740384615384616","0.7740384615384616","0.7740384615384616","","","","0.866386217948718","0.866386217948718","0.866386217948718","","","","1","1","1"
"127","","","","0.7800480769230769","0.7800480769230769","0.7800480769230769","","","","0.8092948717948718","0.8092948717948718","0.8092948717948718","","","","0.7740384615384616","0.7740384615384616","0.7740384615384616","","","","0.866386217948718","0.866386217948718","0.866386217948718","","","","1","1","1"
"128","","","","0.7800480769230769","0.7800480769230769","0.7800480769230769","","","","0.8092948717948718","0.8092948717948718","0.8092948717948718","","","","0.7740384615384616","0.7740384615384616","0.7740384615384616","","","","0.8639823717948718","0.8639823717948718","0.8639823717948718","","","","1","1","1"
"129","","","","0.7800480769230769","0.7800480769230769","0.7800480769230769","","","","0.8092948717948718","0.8092948717948718","0.8092948717948718","","","","0.7740384615384616","0.7740384615384616","0.7740384615384616","","","","0.8637820512820513","0.8637820512820513","0.8637820512820513","","","","1","1","1"
"131","","","","0.7800480769230769","0.7800480769230769","0.7800480769230769","","","","0.8153044871794872","0.8153044871794872","0.8153044871794872","","","","0.7740384615384616","0.7740384615384616","0.7740384615384616","","","","0.8651842948717948","0.8651842948717948","0.8651842948717948","","","","1","1","1"
"132","","","","0.7800480769230769","0.7800480769230769","0.7800480769230769","","","","0.8092948717948718","0.8092948717948718","0.8092948717948718","","","","0.7740384615384616","0.7740384615384616","0.7740384615384616","","","","0.866386217948718","0.866386217948718","0.866386217948718","","","","1","1","1"
"133","","","","0.7800480769230769","0.7800480769230769","0.7800480769230769","","","","0.8092948717948718","0.8092948717948718","0.8092948717948718","","","","0.7740384615384616","0.7740384615384616","0.7740384615384616","","","","0.866386217948718","0.866386217948718","0.866386217948718","","","","1","1","1"
"134","","","","0.7800480769230769","0.7800480769230769","0.7800480769230769","","","","0.8153044871794872","0.8153044871794872","0.8153044871794872","","","","0.7740384615384616","0.7740384615384616","0.7740384615384616","","","","0.8649839743589743","0.8649839743589743","0.8649839743589743","","","","1","1","1"
"136","","","","0.7800480769230769","0.7800480769230769","0.7800480769230769","","","","0.8153044871794872","0.8153044871794872","0.8153044871794872","","","","0.7740384615384616","0.7740384615384616","0.7740384615384616","","","","0.866386217948718","0.866386217948718","0.866386217948718","","","","1","1","1"
"137","","","","0.7800480769230769","0.7800480769230769","0.7800480769230769","","","","0.8153044871794872","0.8153044871794872","0.8153044871794872","","","","0.7748397435897436","0.7748397435897436","0.7748397435897436","","","","0.8651842948717948","0.8651842948717948","0.8651842948717948","","","","1","1","1"
"138","","","","0.7800480769230769","0.7800480769230769","0.7800480769230769","","","","0.8153044871794872","0.8153044871794872","0.8153044871794872","","","","0.7748397435897436","0.7748397435897436","0.7748397435897436","","","","0.8639823717948718","0.8639823717948718","0.8639823717948718","","","","1","1","1"
"139","","","","0.7800480769230769","0.7800480769230769","0.7800480769230769","","","","0.8153044871794872","0.8153044871794872","0.8153044871794872","","","","0.7874599358974359","0.7874599358974359","0.7874599358974359","","","","0.8625801282051282","0.8625801282051282","0.8625801282051282","","","","1","1","1"
"141","","","","0.78125","0.78125","0.78125","","","","0.8153044871794872","0.8153044871794872","0.8153044871794872","","","","0.7850560897435898","0.7850560897435898","0.7850560897435898","","","","0.8637820512820513","0.8637820512820513","0.8637820512820513","","","","1","1","1"
"142","","","","0.7800480769230769","0.7800480769230769","0.7800480769230769","","","","0.8153044871794872","0.8153044871794872","0.8153044871794872","","","","0.7724358974358975","0.7724358974358975","0.7724358974358975","","","","0.8637820512820513","0.8637820512820513","0.8637820512820513","","","","1","1","1"
"143","","","","0.7800480769230769","0.7800480769230769","0.7800480769230769","","","","0.8153044871794872","0.8153044871794872","0.8153044871794872","","","","0.7850560897435898","0.7850560897435898","0.7850560897435898","","","","0.8665865384615384","0.8665865384615384","0.8665865384615384","","","","1","1","1"
"144","","","","0.78125","0.78125","0.78125","","","","0.8153044871794872","0.8153044871794872","0.8153044871794872","","","","0.7850560897435898","0.7850560897435898","0.7850560897435898","","","","0.8667868589743589","0.8667868589743589","0.8667868589743589","","","","1","1","1"
"146","","","","0.7800480769230769","0.7800480769230769","0.7800480769230769","","","","0.8153044871794872","0.8153044871794872","0.8153044871794872","","","","0.7850560897435898","0.7850560897435898","0.7850560897435898","","","","0.8665865384615384","0.8665865384615384","0.8665865384615384","","","","1","1","1"
"147","","","","0.7800480769230769","0.7800480769230769","0.7800480769230769","","","","0.8153044871794872","0.8153044871794872","0.8153044871794872","","","","0.7850560897435898","0.7850560897435898","0.7850560897435898","","","","0.8651842948717948","0.8651842948717948","0.8651842948717948","","","","1","1","1"
"148","","","","0.7800480769230769","0.7800480769230769","0.7800480769230769","","","","0.8153044871794872","0.8153044871794872","0.8153044871794872","","","","0.7850560897435898","0.7850560897435898","0.7850560897435898","","","","0.8665865384615384","0.8665865384615384","0.8665865384615384","","","","1","1","1"
"149","","","","0.7800480769230769","0.7800480769230769","0.7800480769230769","","","","0.8153044871794872","0.8153044871794872","0.8153044871794872","","","","0.7850560897435898","0.7850560897435898","0.7850560897435898","","","","0.8651842948717948","0.8651842948717948","0.8651842948717948","","","","1","1","1"
"151","","","","0.7800480769230769","0.7800480769230769","0.7800480769230769","","","","0.8153044871794872","0.8153044871794872","0.8153044871794872","","","","0.7850560897435898","0.7850560897435898","0.7850560897435898","","","","0.8653846153846154","0.8653846153846154","0.8653846153846154","","","","1","1","1"
"152","","","","0.7800480769230769","0.7800480769230769","0.7800480769230769","","","","0.8153044871794872","0.8153044871794872","0.8153044871794872","","","","0.7850560897435898","0.7850560897435898","0.7850560897435898","","","","0.8665865384615384","0.8665865384615384","0.8665865384615384","","","","1","1","1"
"153","","","","0.7800480769230769","0.7800480769230769","0.7800480769230769","","","","0.8153044871794872","0.8153044871794872","0.8153044871794872","","","","0.7850560897435898","0.7850560897435898","0.7850560897435898","","","","0.867988782051282","0.867988782051282","0.867988782051282","","","","1","1","1"
"154","","","","0.7800480769230769","0.7800480769230769","0.7800480769230769","","","","0.8153044871794872","0.8153044871794872","0.8153044871794872","","","","0.7850560897435898","0.7850560897435898","0.7850560897435898","","","","0.8691907051282052","0.8691907051282052","0.8691907051282052","","","","1","1","1"
"156","","","","0.7800480769230769","0.7800480769230769","0.7800480769230769","","","","0.8153044871794872","0.8153044871794872","0.8153044871794872","","","","0.7850560897435898","0.7850560897435898","0.7850560897435898","","","","0.8665865384615384","0.8665865384615384","0.8665865384615384","","","","1","1","1"
"157","","","","0.7800480769230769","0.7800480769230769","0.7800480769230769","","","","0.8153044871794872","0.8153044871794872","0.8153044871794872","","","","0.7838541666666666","0.7838541666666666","0.7838541666666666","","","","0.8677884615384616","0.8677884615384616","0.8677884615384616","","","","1","1","1"
"158","","","","0.7800480769230769","0.7800480769230769","0.7800480769230769","","","","0.8153044871794872","0.8153044871794872","0.8153044871794872","","","","0.7838541666666666","0.7838541666666666","0.7838541666666666","","","","0.8677884615384616","0.8677884615384616","0.8677884615384616","","","","1","1","1"
"159","","","","0.7800480769230769","0.7800480769230769","0.7800480769230769","","","","0.8153044871794872","0.8153044871794872","0.8153044871794872","","","","0.7850560897435898","0.7850560897435898","0.7850560897435898","","","","0.8665865384615384","0.8665865384615384","0.8665865384615384","","","","1","1","1"
"161","","","","0.7800480769230769","0.7800480769230769","0.7800480769230769","","","","0.8153044871794872","0.8153044871794872","0.8153044871794872","","","","0.7852564102564102","0.7852564102564102","0.7852564102564102","","","","0.8665865384615384","0.8665865384615384","0.8665865384615384","","","","1","1","1"
"162","","","","0.7800480769230769","0.7800480769230769","0.7800480769230769","","","","0.8153044871794872","0.8153044871794872","0.8153044871794872","","","","0.7850560897435898","0.7850560897435898","0.7850560897435898","","","","0.867988782051282","0.867988782051282","0.867988782051282","","","","1","1","1"
"163","","","","0.7800480769230769","0.7800480769230769","0.7800480769230769","","","","0.8153044871794872","0.8153044871794872","0.8153044871794872","","","","0.7850560897435898","0.7850560897435898","0.7850560897435898","","","","0.8693910256410257","0.8693910256410257","0.8693910256410257","","","","1","1","1"
"164","","","","0.7800480769230769","0.7800480769230769","0.7800480769230769","","","","0.8153044871794872","0.8153044871794872","0.8153044871794872","","","","0.7850560897435898","0.7850560897435898","0.7850560897435898","","","","0.867988782051282","0.867988782051282","0.867988782051282","","","","1","1","1"
"166","","","","0.7800480769230769","0.7800480769230769","0.7800480769230769","","","","0.8153044871794872","0.8153044871794872","0.8153044871794872","","","","0.7852564102564102","0.7852564102564102","0.7852564102564102","","","","0.8691907051282052","0.8691907051282052","0.8691907051282052","","","","1","1","1"
"167","","","","0.7800480769230769","0.7800480769230769","0.7800480769230769","","","","0.8153044871794872","0.8153044871794872","0.8153044871794872","","","","0.7828525641025641","0.7828525641025641","0.7828525641025641","","","","0.8691907051282052","0.8691907051282052","0.8691907051282052","","","","1","1","1"
"168","","","","0.7800480769230769","0.7800480769230769","0.7800480769230769","","","","0.8153044871794872","0.8153044871794872","0.8153044871794872","","","","0.782051282051282","0.782051282051282","0.782051282051282","","","","0.8691907051282052","0.8691907051282052","0.8691907051282052","","","","1","1","1"
"169","","","","0.7800480769230769","0.7800480769230769","0.7800480769230769","","","","0.8153044871794872","0.8153044871794872","0.8153044871794872","","","","0.782051282051282","0.782051282051282","0.782051282051282","","","","0.8691907051282052","0.8691907051282052","0.8691907051282052","","","","1","1","1"
"171","","","","0.7800480769230769","0.7800480769230769","0.7800480769230769","","","","0.8153044871794872","0.8153044871794872","0.8153044871794872","","","","0.7816506410256411","0.7816506410256411","0.7816506410256411","","","","0.8705929487179487","0.8705929487179487","0.8705929487179487","","","","1","1","1"
"172","","","","0.7800480769230769","0.7800480769230769","0.7800480769230769","","","","0.8153044871794872","0.8153044871794872","0.8153044871794872","","","","0.7700320512820513","0.7700320512820513","0.7700320512820513","","","","0.8691907051282052","0.8691907051282052","0.8691907051282052","","","","1","1","1"
"173","","","","0.7800480769230769","0.7800480769230769","0.7800480769230769","","","","0.8153044871794872","0.8153044871794872","0.8153044871794872","","","","0.7702323717948718","0.7702323717948718","0.7702323717948718","","","","0.867988782051282","0.867988782051282","0.867988782051282","","","","1","1","1"
"174","","","","0.7800480769230769","0.7800480769230769","0.7800480769230769","","","","0.8153044871794872","0.8153044871794872","0.8153044871794872","","","","0.7734375","0.7734375","0.7734375","","","","0.8705929487179487","0.8705929487179487","0.8705929487179487","","","","1","1","1"
"176","","","","0.7800480769230769","0.7800480769230769","0.7800480769230769","","","","0.8153044871794872","0.8153044871794872","0.8153044871794872","","","","0.7734375","0.7734375","0.7734375","","","","0.8693910256410257","0.8693910256410257","0.8693910256410257","","","","1","1","1"
"177","","","","0.7800480769230769","0.7800480769230769","0.7800480769230769","","","","0.8153044871794872","0.8153044871794872","0.8153044871794872","","","","0.7732371794871795","0.7732371794871795","0.7732371794871795","","","","0.8691907051282052","0.8691907051282052","0.8691907051282052","","","","1","1","1"
"178","","","","0.7800480769230769","0.7800480769230769","0.7800480769230769","","","","0.8153044871794872","0.8153044871794872","0.8153044871794872","","","","0.7740384615384616","0.7740384615384616","0.7740384615384616","","","","0.8691907051282052","0.8691907051282052","0.8691907051282052","","","","1","1","1"
"179","","","","0.7800480769230769","0.7800480769230769","0.7800480769230769","","","","0.8153044871794872","0.8153044871794872","0.8153044871794872","","","","0.7704326923076923","0.7704326923076923","0.7704326923076923","","","","0.8703926282051282","0.8703926282051282","0.8703926282051282","","","","1","1","1"
"181","","","","0.7800480769230769","0.7800480769230769","0.7800480769230769","","","","0.8153044871794872","0.8153044871794872","0.8153044871794872","","","","0.7716346153846154","0.7716346153846154","0.7716346153846154","","","","0.8703926282051282","0.8703926282051282","0.8703926282051282","","","","1","1","1"
"182","","","","0.7800480769230769","0.7800480769230769","0.7800480769230769","","","","0.8153044871794872","0.8153044871794872","0.8153044871794872","","","","0.7704326923076923","0.7704326923076923","0.7704326923076923","","","","0.867988782051282","0.867988782051282","0.867988782051282","","","","1","1","1"
"183","","","","0.7800480769230769","0.7800480769230769","0.7800480769230769","","","","0.8153044871794872","0.8153044871794872","0.8153044871794872","","","","0.7704326923076923","0.7704326923076923","0.7704326923076923","","","","0.8691907051282052","0.8691907051282052","0.8691907051282052","","","","1","1","1"
"184","","","","0.7800480769230769","0.7800480769230769","0.7800480769230769","","","","0.8153044871794872","0.8153044871794872","0.8153044871794872","","","","0.7680288461538461","0.7680288461538461","0.7680288461538461","","","","0.8703926282051282","0.8703926282051282","0.8703926282051282","","","","1","1","1"
"186","","","","0.7800480769230769","0.7800480769230769","0.7800480769230769","","","","0.8153044871794872","0.8153044871794872","0.8153044871794872","","","","0.7704326923076923","0.7704326923076923","0.7704326923076923","","","","0.8717948717948718","0.8717948717948718","0.8717948717948718","","","","1","1","1"
"187","","","","0.7800480769230769","0.7800480769230769","0.7800480769230769","","","","0.8153044871794872","0.8153044871794872","0.8153044871794872","","","","0.7676282051282052","0.7676282051282052","0.7676282051282052","","","","0.8717948717948718","0.8717948717948718","0.8717948717948718","","","","1","1","1"
"188","","","","0.7800480769230769","0.7800480769230769","0.7800480769230769","","","","0.8153044871794872","0.8153044871794872","0.8153044871794872","","","","0.7684294871794872","0.7684294871794872","0.7684294871794872","","","","0.8717948717948718","0.8717948717948718","0.8717948717948718","","","","1","1","1"
"189","","","","0.7800480769230769","0.7800480769230769","0.7800480769230769","","","","0.8153044871794872","0.8153044871794872","0.8153044871794872","","","","0.7744391025641025","0.7744391025641025","0.7744391025641025","","","","0.8703926282051282","0.8703926282051282","0.8703926282051282","","","","1","1","1"
"191","","","","0.7800480769230769","0.7800480769230769","0.7800480769230769","","","","0.8153044871794872","0.8153044871794872","0.8153044871794872","","","","0.7890625","0.7890625","0.7890625","","","","0.8719951923076923","0.8719951923076923","0.8719951923076923","","","","1","1","1"
"192","","","","0.7800480769230769","0.7800480769230769","0.7800480769230769","","","","0.8153044871794872","0.8153044871794872","0.8153044871794872","","","","0.7890625","0.7890625","0.7890625","","","","0.8705929487179487","0.8705929487179487","0.8705929487179487","","","","1","1","1"
"193","","","","0.7800480769230769","0.7800480769230769","0.7800480769230769","","","","0.8153044871794872","0.8153044871794872","0.8153044871794872","","","","0.788261217948718","0.788261217948718","0.788261217948718","","","","0.8681891025641025","0.8681891025641025","0.8681891025641025","","","","1","1","1"
"194","","","","0.7800480769230769","0.7800480769230769","0.7800480769230769","","","","0.8153044871794872","0.8153044871794872","0.8153044871794872","","","","0.7838541666666666","0.7838541666666666","0.7838541666666666","","","","0.8703926282051282","0.8703926282051282","0.8703926282051282","","","","1","1","1"
"196","","","","0.7800480769230769","0.7800480769230769","0.7800480769230769","","","","0.8153044871794872","0.8153044871794872","0.8153044871794872","","","","0.7792467948717948","0.7792467948717948","0.7792467948717948","","","","0.8695913461538461","0.8695913461538461","0.8695913461538461","","","","1","1","1"
"197","","","","0.7800480769230769","0.7800480769230769","0.7800480769230769","","","","0.8092948717948718","0.8092948717948718","0.8092948717948718","","","","0.7800480769230769","0.7800480769230769","0.7800480769230769","","","","0.8707932692307693","0.8707932692307693","0.8707932692307693","","","","1","1","1"
"198","","","","0.7800480769230769","0.7800480769230769","0.7800480769230769","","","","0.8153044871794872","0.8153044871794872","0.8153044871794872","","","","0.7768429487179487","0.7768429487179487","0.7768429487179487","","","","0.8719951923076923","0.8719951923076923","0.8719951923076923","","","","1","1","1"
"199","","","","0.7800480769230769","0.7800480769230769","0.7800480769230769","","","","0.8153044871794872","0.8153044871794872","0.8153044871794872","","","","0.7674278846153846","0.7674278846153846","0.7674278846153846","","","","0.8733974358974359","0.8733974358974359","0.8733974358974359","","","","1","1","1"
"201","","","","0.7800480769230769","0.7800480769230769","0.7800480769230769","","","","0.8068910256410257","0.8068910256410257","0.8068910256410257","","","","0.7680288461538461","0.7680288461538461","0.7680288461538461","","","","0.8705929487179487","0.8705929487179487","0.8705929487179487","","","","1","1","1"
"202","","","","0.7800480769230769","0.7800480769230769","0.7800480769230769","","","","0.8068910256410257","0.8068910256410257","0.8068910256410257","","","","0.7684294871794872","0.7684294871794872","0.7684294871794872","","","","0.8733974358974359","0.8733974358974359","0.8733974358974359","","","","1","1","1"
"203","","","","0.7800480769230769","0.7800480769230769","0.7800480769230769","","","","0.8068910256410257","0.8068910256410257","0.8068910256410257","","","","0.7684294871794872","0.7684294871794872","0.7684294871794872","","","","0.8733974358974359","0.8733974358974359","0.8733974358974359","","","","1","1","1"
"204","","","","0.7800480769230769","0.7800480769230769","0.7800480769230769","","","","0.8068910256410257","0.8068910256410257","0.8068910256410257","","","","0.7684294871794872","0.7684294871794872","0.7684294871794872","","","","0.8719951923076923","0.8719951923076923","0.8719951923076923","","","","1","1","1"
"206","","","","0.7800480769230769","0.7800480769230769","0.7800480769230769","","","","0.8068910256410257","0.8068910256410257","0.8068910256410257","","","","0.7684294871794872","0.7684294871794872","0.7684294871794872","","","","0.8705929487179487","0.8705929487179487","0.8705929487179487","","","","1","1","1"
"207","","","","0.7800480769230769","0.7800480769230769","0.7800480769230769","","","","0.8068910256410257","0.8068910256410257","0.8068910256410257","","","","0.7684294871794872","0.7684294871794872","0.7684294871794872","","","","0.8733974358974359","0.8733974358974359","0.8733974358974359","","","","1","1","1"
"208","","","","0.7800480769230769","0.7800480769230769","0.7800480769230769","","","","0.8068910256410257","0.8068910256410257","0.8068910256410257","","","","0.7672275641025641","0.7672275641025641","0.7672275641025641","","","","0.8705929487179487","0.8705929487179487","0.8705929487179487","","","","1","1","1"
"209","","","","0.7800480769230769","0.7800480769230769","0.7800480769230769","","","","0.8068910256410257","0.8068910256410257","0.8068910256410257","","","","0.7684294871794872","0.7684294871794872","0.7684294871794872","","","","0.8733974358974359","0.8733974358974359","0.8733974358974359","","","","1","1","1"
"211","","","","0.7800480769230769","0.7800480769230769","0.7800480769230769","","","","0.8068910256410257","0.8068910256410257","0.8068910256410257","","","","0.7684294871794872","0.7684294871794872","0.7684294871794872","","","","0.8705929487179487","0.8705929487179487","0.8705929487179487","","","","1","1","1"
"212","","","","0.7800480769230769","0.7800480769230769","0.7800480769230769","","","","0.8068910256410257","0.8068910256410257","0.8068910256410257","","","","0.764823717948718","0.764823717948718","0.764823717948718","","","","0.8719951923076923","0.8719951923076923","0.8719951923076923","","","","1","1","1"
"213","","","","0.7800480769230769","0.7800480769230769","0.7800480769230769","","","","0.8068910256410257","0.8068910256410257","0.8068910256410257","","","","0.7660256410256411","0.7660256410256411","0.7660256410256411","","","","0.8711939102564102","0.8711939102564102","0.8711939102564102","","","","1","1","1"
"214","","","","0.7800480769230769","0.7800480769230769","0.7800480769230769","","","","0.8068910256410257","0.8068910256410257","0.8068910256410257","","","","0.7658253205128205","0.7658253205128205","0.7658253205128205","","","","0.8719951923076923","0.8719951923076923","0.8719951923076923","","","","1","1","1"
"216","","","","0.7800480769230769","0.7800480769230769","0.7800480769230769","","","","0.8068910256410257","0.8068910256410257","0.8068910256410257","","","","0.7660256410256411","0.7660256410256411","0.7660256410256411","","","","0.8733974358974359","0.8733974358974359","0.8733974358974359","","","","1","1","1"
"217","","","","0.7800480769230769","0.7800480769230769","0.7800480769230769","","","","0.8068910256410257","0.8068910256410257","0.8068910256410257","","","","0.7604166666666666","0.7604166666666666","0.7604166666666666","","","","0.8725961538461539","0.8725961538461539","0.8725961538461539","","","","1","1","1"
"218","","","","0.7800480769230769","0.7800480769230769","0.7800480769230769","","","","0.8068910256410257","0.8068910256410257","0.8068910256410257","","","","0.764823717948718","0.764823717948718","0.764823717948718","","","","0.8733974358974359","0.8733974358974359","0.8733974358974359","","","","1","1","1"
"219","","","","0.7800480769230769","0.7800480769230769","0.7800480769230769","","","","0.8068910256410257","0.8068910256410257","0.8068910256410257","","","","0.7612179487179487","0.7612179487179487","0.7612179487179487","","","","0.8733974358974359","0.8733974358974359","0.8733974358974359","","","","1","1","1"
"221","","","","0.7800480769230769","0.7800480769230769","0.7800480769230769","","","","0.8068910256410257","0.8068910256410257","0.8068910256410257","","","","0.7666266025641025","0.7666266025641025","0.7666266025641025","","","","0.8725961538461539","0.8725961538461539","0.8725961538461539","","","","1","1","1"
"222","","","","0.7800480769230769","0.7800480769230769","0.7800480769230769","","","","0.8068910256410257","0.8068910256410257","0.8068910256410257","","","","0.7668269230769231","0.7668269230769231","0.7668269230769231","","","","0.8711939102564102","0.8711939102564102","0.8711939102564102","","","","1","1","1"
"223","","","","0.7800480769230769","0.7800480769230769","0.7800480769230769","","","","0.8068910256410257","0.8068910256410257","0.8068910256410257","","","","0.7734375","0.7734375","0.7734375","","","","0.8719951923076923","0.8719951923076923","0.8719951923076923","","","","1","1","1"
"224","","","","0.7800480769230769","0.7800480769230769","0.7800480769230769","","","","0.8068910256410257","0.8068910256410257","0.8068910256410257","","","","0.7746394230769231","0.7746394230769231","0.7746394230769231","","","","0.8725961538461539","0.8725961538461539","0.8725961538461539","","","","1","1","1"
"226","","","","0.7800480769230769","0.7800480769230769","0.7800480769230769","","","","0.8068910256410257","0.8068910256410257","0.8068910256410257","","","","0.7884615384615384","0.7884615384615384","0.7884615384615384","","","","0.8717948717948718","0.8717948717948718","0.8717948717948718","","","","1","1","1"
"227","","","","0.7800480769230769","0.7800480769230769","0.7800480769230769","","","","0.8068910256410257","0.8068910256410257","0.8068910256410257","","","","0.7894631410256411","0.7894631410256411","0.7894631410256411","","","","0.8703926282051282","0.8703926282051282","0.8703926282051282","","","","1","1","1"
"228","","","","0.7800480769230769","0.7800480769230769","0.7800480769230769","","","","0.8068910256410257","0.8068910256410257","0.8068910256410257","","","","0.7844551282051282","0.7844551282051282","0.7844551282051282","","","","0.8725961538461539","0.8725961538461539","0.8725961538461539","","","","1","1","1"
"229","","","","0.78125","0.78125","0.78125","","","","0.8068910256410257","0.8068910256410257","0.8068910256410257","","","","0.7846554487179487","0.7846554487179487","0.7846554487179487","","","","0.8725961538461539","0.8725961538461539","0.8725961538461539","","","","1","1","1"
"231","","","","0.7800480769230769","0.7800480769230769","0.7800480769230769","","","","0.8068910256410257","0.8068910256410257","0.8068910256410257","","","","0.7890625","0.7890625","0.7890625","","","","0.8725961538461539","0.8725961538461539","0.8725961538461539","","","","1","1","1"
"232","","","","0.7800480769230769","0.7800480769230769","0.7800480769230769","","","","0.8068910256410257","0.8068910256410257","0.8068910256410257","","","","0.7890625","0.7890625","0.7890625","","","","0.8697916666666666","0.8697916666666666","0.8697916666666666","","","","1","1","1"
"233","","","","0.7800480769230769","0.7800480769230769","0.7800480769230769","","","","0.8068910256410257","0.8068910256410257","0.8068910256410257","","","","0.7740384615384616","0.7740384615384616","0.7740384615384616","","","","0.8725961538461539","0.8725961538461539","0.8725961538461539","","","","1","1","1"
"234","","","","0.78125","0.78125","0.78125","","","","0.8068910256410257","0.8068910256410257","0.8068910256410257","","","","0.7866586538461539","0.7866586538461539","0.7866586538461539","","","","0.8725961538461539","0.8725961538461539","0.8725961538461539","","","","1","1","1"
"236","","","","0.7800480769230769","0.7800480769230769","0.7800480769230769","","","","0.8068910256410257","0.8068910256410257","0.8068910256410257","","","","0.7890625","0.7890625","0.7890625","","","","0.8711939102564102","0.8711939102564102","0.8711939102564102","","","","1","1","1"
"237","","","","0.78125","0.78125","0.78125","","","","0.8008814102564102","0.8008814102564102","0.8008814102564102","","","","0.7822516025641025","0.7822516025641025","0.7822516025641025","","","","0.8717948717948718","0.8717948717948718","0.8717948717948718","","","","1","1","1"
"238","","","","0.7800480769230769","0.7800480769230769","0.7800480769230769","","","","0.8068910256410257","0.8068910256410257","0.8068910256410257","","","","0.7866586538461539","0.7866586538461539","0.7866586538461539","","","","0.8691907051282052","0.8691907051282052","0.8691907051282052","","","","1","1","1"
"239","","","","0.78125","0.78125","0.78125","","","","0.8068910256410257","0.8068910256410257","0.8068910256410257","","","","0.7740384615384616","0.7740384615384616","0.7740384615384616","","","","0.8703926282051282","0.8703926282051282","0.8703926282051282","","","","1","1","1"
"241","","","","0.78125","0.78125","0.78125","","","","0.8068910256410257","0.8068910256410257","0.8068910256410257","","","","0.7866586538461539","0.7866586538461539","0.7866586538461539","","","","0.8711939102564102","0.8711939102564102","0.8711939102564102","","","","1","1","1"
"242","","","","0.78125","0.78125","0.78125","","","","0.8068910256410257","0.8068910256410257","0.8068910256410257","","","","0.7866586538461539","0.7866586538461539","0.7866586538461539","","","","0.8725961538461539","0.8725961538461539","0.8725961538461539","","","","1","1","1"
"243","","","","0.78125","0.78125","0.78125","","","","0.8068910256410257","0.8068910256410257","0.8068910256410257","","","","0.7866586538461539","0.7866586538461539","0.7866586538461539","","","","0.8711939102564102","0.8711939102564102","0.8711939102564102","","","","1","1","1"
"244","","","","0.7800480769230769","0.7800480769230769","0.7800480769230769","","","","0.8068910256410257","0.8068910256410257","0.8068910256410257","","","","0.7866586538461539","0.7866586538461539","0.7866586538461539","","","","0.8711939102564102","0.8711939102564102","0.8711939102564102","","","","1","1","1"
"246","","","","0.78125","0.78125","0.78125","","","","0.8068910256410257","0.8068910256410257","0.8068910256410257","","","","0.7866586538461539","0.7866586538461539","0.7866586538461539","","","","0.8711939102564102","0.8711939102564102","0.8711939102564102","","","","1","1","1"
"247","","","","0.78125","0.78125","0.78125","","","","0.8068910256410257","0.8068910256410257","0.8068910256410257","","","","0.7740384615384616","0.7740384615384616","0.7740384615384616","","","","0.8725961538461539","0.8725961538461539","0.8725961538461539","","","","1","1","1"
"248","","","","0.78125","0.78125","0.78125","","","","0.8068910256410257","0.8068910256410257","0.8068910256410257","","","","0.7740384615384616","0.7740384615384616","0.7740384615384616","","","","0.8711939102564102","0.8711939102564102","0.8711939102564102","","","","1","1","1"
"249","","","","0.78125","0.78125","0.78125","","","","0.8068910256410257","0.8068910256410257","0.8068910256410257","","","","0.7866586538461539","0.7866586538461539","0.7866586538461539","","","","0.8711939102564102","0.8711939102564102","0.8711939102564102","","","","1","1","1"