"Step","paper-main_4096_shallow_freeze-seed0-eval200-clean - train/loss","paper-main_4096_shallow_freeze-seed0-eval200-clean - train/loss__MIN","paper-main_4096_shallow_freeze-seed0-eval200-clean - train/loss__MAX","paper-main_4096_pure_baseline-seed0-eval200-clean - train/loss","paper-main_4096_pure_baseline-seed0-eval200-clean - train/loss__MIN","paper-main_4096_pure_baseline-seed0-eval200-clean - train/loss__MAX","paper-main_4096_grouping_off-seed0-eval200-clean - train/loss","paper-main_4096_grouping_off-seed0-eval200-clean - train/loss__MIN","paper-main_4096_grouping_off-seed0-eval200-clean - train/loss__MAX","paper-main_4096_full_adaptive-seed0-eval200-clean - train/loss","paper-main_4096_full_adaptive-seed0-eval200-clean - train/loss__MIN","paper-main_4096_full_adaptive-seed0-eval200-clean - train/loss__MAX","paper-main_4096_deep_practical_reuse-seed0-eval200-clean - train/loss","paper-main_4096_deep_practical_reuse-seed0-eval200-clean - train/loss__MIN","paper-main_4096_deep_practical_reuse-seed0-eval200-clean - train/loss__MAX"
"1","61.73296356201172","61.73296356201172","61.73296356201172","61.8807373046875","61.8807373046875","61.8807373046875","61.73296356201172","61.73296356201172","61.73296356201172","61.73296356201172","61.73296356201172","61.73296356201172","61.73296356201172","61.73296356201172","61.73296356201172"
"2","75.82034301757812","75.82034301757812","75.82034301757812","81.38990783691406","81.38990783691406","81.38990783691406","75.82034301757812","75.82034301757812","75.82034301757812","75.82034301757812","75.82034301757812","75.82034301757812","75.82034301757812","75.82034301757812","75.82034301757812"
"3","44.84832000732422","44.84832000732422","44.84832000732422","47.800960540771484","47.800960540771484","47.800960540771484","45.27165603637695","45.27165603637695","45.27165603637695","37.380409240722656","37.380409240722656","37.380409240722656","41.10082244873047","41.10082244873047","41.10082244873047"
"4","33.682315826416016","33.682315826416016","33.682315826416016","36.57356262207031","36.57356262207031","36.57356262207031","40.55265808105469","40.55265808105469","40.55265808105469","35.55158996582031","35.55158996582031","35.55158996582031","33.62211227416992","33.62211227416992","33.62211227416992"
"6","24.629898071289062","24.629898071289062","24.629898071289062","26.456087112426758","26.456087112426758","26.456087112426758","25.623149871826172","25.623149871826172","25.623149871826172","24.366121292114258","24.366121292114258","24.366121292114258","26.017322540283203","26.017322540283203","26.017322540283203"
"7","19.687759399414062","19.687759399414062","19.687759399414062","22.695302963256836","22.695302963256836","22.695302963256836","21.334884643554688","21.334884643554688","21.334884643554688","19.50450325012207","19.50450325012207","19.50450325012207","23.03342056274414","23.03342056274414","23.03342056274414"
"8","19.130435943603516","19.130435943603516","19.130435943603516","17.975435256958008","17.975435256958008","17.975435256958008","19.367807388305664","19.367807388305664","19.367807388305664","18.992462158203125","18.992462158203125","18.992462158203125","19.130666732788086","19.130666732788086","19.130666732788086"
"9","16.232467651367188","16.232467651367188","16.232467651367188","17.145294189453125","17.145294189453125","17.145294189453125","16.318506240844727","16.318506240844727","16.318506240844727","16.201156616210938","16.201156616210938","16.201156616210938","15.894083023071289","15.894083023071289","15.894083023071289"
"11","16.072391510009766","16.072391510009766","16.072391510009766","15.520391464233398","15.520391464233398","15.520391464233398","16.303682327270508","16.303682327270508","16.303682327270508","20.409116744995117","20.409116744995117","20.409116744995117","15.603540420532227","15.603540420532227","15.603540420532227"
"12","15.250091552734375","15.250091552734375","15.250091552734375","14.357696533203125","14.357696533203125","14.357696533203125","15.333152770996094","15.333152770996094","15.333152770996094","15.647128105163574","15.647128105163574","15.647128105163574","15.51801872253418","15.51801872253418","15.51801872253418"
"13","12.495110511779785","12.495110511779785","12.495110511779785","14.008835792541504","14.008835792541504","14.008835792541504","12.734858512878418","12.734858512878418","12.734858512878418","12.550667762756348","12.550667762756348","12.550667762756348","12.513627052307129","12.513627052307129","12.513627052307129"
"14","12.607558250427246","12.607558250427246","12.607558250427246","14.79518985748291","14.79518985748291","14.79518985748291","12.386937141418457","12.386937141418457","12.386937141418457","12.483437538146973","12.483437538146973","12.483437538146973","12.624537467956543","12.624537467956543","12.624537467956543"
"16","13.263978958129883","13.263978958129883","13.263978958129883","15.901836395263672","15.901836395263672","15.901836395263672","11.805964469909668","11.805964469909668","11.805964469909668","11.661087036132812","11.661087036132812","11.661087036132812","11.913448333740234","11.913448333740234","11.913448333740234"
"17","13.928709030151367","13.928709030151367","13.928709030151367","12.015942573547363","12.015942573547363","12.015942573547363","12.119426727294922","12.119426727294922","12.119426727294922","12.003812789916992","12.003812789916992","12.003812789916992","12.032678604125977","12.032678604125977","12.032678604125977"
"18","11.555652618408203","11.555652618408203","11.555652618408203","11.418564796447754","11.418564796447754","11.418564796447754","12.142125129699707","12.142125129699707","12.142125129699707","11.605924606323242","11.605924606323242","11.605924606323242","11.533799171447754","11.533799171447754","11.533799171447754"
"19","11.832270622253418","11.832270622253418","11.832270622253418","16.734539031982422","16.734539031982422","16.734539031982422","11.810379028320312","11.810379028320312","11.810379028320312","12.63699722290039","12.63699722290039","12.63699722290039","11.90127182006836","11.90127182006836","11.90127182006836"
"21","11.811544418334961","11.811544418334961","11.811544418334961","13.270587921142578","13.270587921142578","13.270587921142578","12.834659576416016","12.834659576416016","12.834659576416016","11.711174964904785","11.711174964904785","11.711174964904785","11.456555366516113","11.456555366516113","11.456555366516113"
"22","10.659897804260254","10.659897804260254","10.659897804260254","10.650419235229492","10.650419235229492","10.650419235229492","10.753617286682129","10.753617286682129","10.753617286682129","10.757128715515137","10.757128715515137","10.757128715515137","10.643196105957031","10.643196105957031","10.643196105957031"
"23","10.754905700683594","10.754905700683594","10.754905700683594","10.956608772277832","10.956608772277832","10.956608772277832","10.879584312438965","10.879584312438965","10.879584312438965","10.804635047912598","10.804635047912598","10.804635047912598","10.888121604919434","10.888121604919434","10.888121604919434"
"24","9.901556968688965","9.901556968688965","9.901556968688965","10.018712997436523","10.018712997436523","10.018712997436523","9.716018676757812","9.716018676757812","9.716018676757812","10.87086296081543","10.87086296081543","10.87086296081543","9.700875282287598","9.700875282287598","9.700875282287598"
"26","10.257548332214355","10.257548332214355","10.257548332214355","10.31503963470459","10.31503963470459","10.31503963470459","10.340278625488281","10.340278625488281","10.340278625488281","10.273357391357422","10.273357391357422","10.273357391357422","10.548815727233887","10.548815727233887","10.548815727233887"
"27","10.817017555236816","10.817017555236816","10.817017555236816","9.797334671020508","9.797334671020508","9.797334671020508","11.076282501220703","11.076282501220703","11.076282501220703","10.847545623779297","10.847545623779297","10.847545623779297","11.094968795776367","11.094968795776367","11.094968795776367"
"28","10.672266960144043","10.672266960144043","10.672266960144043","11.008234024047852","11.008234024047852","11.008234024047852","11.086299896240234","11.086299896240234","11.086299896240234","11.105669975280762","11.105669975280762","11.105669975280762","13.24885082244873","13.24885082244873","13.24885082244873"
"29","9.997720718383789","9.997720718383789","9.997720718383789","10.996520042419434","10.996520042419434","10.996520042419434","9.833854675292969","9.833854675292969","9.833854675292969","9.846561431884766","9.846561431884766","9.846561431884766","19.349365234375","19.349365234375","19.349365234375"
"31","10.666692733764648","10.666692733764648","10.666692733764648","8.757861137390137","8.757861137390137","8.757861137390137","9.73857307434082","9.73857307434082","9.73857307434082","9.662480354309082","9.662480354309082","9.662480354309082","10.982418060302734","10.982418060302734","10.982418060302734"
"32","10.334749221801758","10.334749221801758","10.334749221801758","10.723389625549316","10.723389625549316","10.723389625549316","10.013192176818848","10.013192176818848","10.013192176818848","13.364352226257324","13.364352226257324","13.364352226257324","9.99947738647461","9.99947738647461","9.99947738647461"
"33","10.695852279663086","10.695852279663086","10.695852279663086","9.36272144317627","9.36272144317627","9.36272144317627","9.982400894165039","9.982400894165039","9.982400894165039","10.61293888092041","10.61293888092041","10.61293888092041","9.867624282836914","9.867624282836914","9.867624282836914"
"34","10.0047025680542","10.0047025680542","10.0047025680542","9.591330528259277","9.591330528259277","9.591330528259277","9.538272857666016","9.538272857666016","9.538272857666016","9.51708984375","9.51708984375","9.51708984375","9.532792091369629","9.532792091369629","9.532792091369629"
"36","9.62942123413086","9.62942123413086","9.62942123413086","8.795080184936523","8.795080184936523","8.795080184936523","9.400673866271973","9.400673866271973","9.400673866271973","9.460268020629883","9.460268020629883","9.460268020629883","9.323278427124023","9.323278427124023","9.323278427124023"
"37","9.979801177978516","9.979801177978516","9.979801177978516","9.508673667907715","9.508673667907715","9.508673667907715","9.378679275512695","9.378679275512695","9.378679275512695","9.325326919555664","9.325326919555664","9.325326919555664","9.380340576171875","9.380340576171875","9.380340576171875"
"38","9.634195327758789","9.634195327758789","9.634195327758789","10.086243629455566","10.086243629455566","10.086243629455566","9.835949897766113","9.835949897766113","9.835949897766113","9.566214561462402","9.566214561462402","9.566214561462402","9.714980125427246","9.714980125427246","9.714980125427246"
"39","9.048009872436523","9.048009872436523","9.048009872436523","9.53991985321045","9.53991985321045","9.53991985321045","8.994760513305664","8.994760513305664","8.994760513305664","8.949299812316895","8.949299812316895","8.949299812316895","8.987656593322754","8.987656593322754","8.987656593322754"
"41","9.321554183959961","9.321554183959961","9.321554183959961","9.232601165771484","9.232601165771484","9.232601165771484","9.41218376159668","9.41218376159668","9.41218376159668","9.306208610534668","9.306208610534668","9.306208610534668","9.254939079284668","9.254939079284668","9.254939079284668"
"42","8.75649356842041","8.75649356842041","8.75649356842041","8.641353607177734","8.641353607177734","8.641353607177734","9.176608085632324","9.176608085632324","9.176608085632324","8.607776641845703","8.607776641845703","8.607776641845703","8.53311538696289","8.53311538696289","8.53311538696289"
"43","9.190842628479004","9.190842628479004","9.190842628479004","8.924576759338379","8.924576759338379","8.924576759338379","10.42401123046875","10.42401123046875","10.42401123046875","8.730064392089844","8.730064392089844","8.730064392089844","8.703330993652344","8.703330993652344","8.703330993652344"
"44","9.371452331542969","9.371452331542969","9.371452331542969","9.2803373336792","9.2803373336792","9.2803373336792","9.646234512329102","9.646234512329102","9.646234512329102","9.348217010498047","9.348217010498047","9.348217010498047","9.37578296661377","9.37578296661377","9.37578296661377"
"46","9.382919311523438","9.382919311523438","9.382919311523438","8.838634490966797","8.838634490966797","8.838634490966797","9.42060375213623","9.42060375213623","9.42060375213623","9.41966438293457","9.41966438293457","9.41966438293457","9.37835693359375","9.37835693359375","9.37835693359375"
"47","9.005842208862305","9.005842208862305","9.005842208862305","9.329771995544434","9.329771995544434","9.329771995544434","9.03122329711914","9.03122329711914","9.03122329711914","9.116317749023438","9.116317749023438","9.116317749023438","9.037544250488281","9.037544250488281","9.037544250488281"
"48","9.14882755279541","9.14882755279541","9.14882755279541","9.22423267364502","9.22423267364502","9.22423267364502","8.93630599975586","8.93630599975586","8.93630599975586","9.434133529663086","9.434133529663086","9.434133529663086","8.874183654785156","8.874183654785156","8.874183654785156"
"49","8.9472074508667","8.9472074508667","8.9472074508667","8.344850540161133","8.344850540161133","8.344850540161133","8.892563819885254","8.892563819885254","8.892563819885254","9.759202003479004","9.759202003479004","9.759202003479004","8.806374549865723","8.806374549865723","8.806374549865723"
"51","9.189604759216309","9.189604759216309","9.189604759216309","9.073866844177246","9.073866844177246","9.073866844177246","9.181461334228516","9.181461334228516","9.181461334228516","9.108636856079102","9.108636856079102","9.108636856079102","9.096234321594238","9.096234321594238","9.096234321594238"
"52","9.18754768371582","9.18754768371582","9.18754768371582","8.921404838562012","8.921404838562012","8.921404838562012","9.092719078063965","9.092719078063965","9.092719078063965","9.14356803894043","9.14356803894043","9.14356803894043","9.070077896118164","9.070077896118164","9.070077896118164"
"53","8.723220825195312","8.723220825195312","8.723220825195312","9.088140487670898","9.088140487670898","9.088140487670898","8.619771003723145","8.619771003723145","8.619771003723145","8.61208438873291","8.61208438873291","8.61208438873291","8.701539993286133","8.701539993286133","8.701539993286133"
"54","9.178481101989746","9.178481101989746","9.178481101989746","9.330260276794434","9.330260276794434","9.330260276794434","9.358912467956543","9.358912467956543","9.358912467956543","8.787928581237793","8.787928581237793","8.787928581237793","8.957413673400879","8.957413673400879","8.957413673400879"
"56","9.019947052001953","9.019947052001953","9.019947052001953","10.140629768371582","10.140629768371582","10.140629768371582","9.026893615722656","9.026893615722656","9.026893615722656","8.976909637451172","8.976909637451172","8.976909637451172","8.957938194274902","8.957938194274902","8.957938194274902"
"57","8.507194519042969","8.507194519042969","8.507194519042969","10.367110252380371","10.367110252380371","10.367110252380371","8.898276329040527","8.898276329040527","8.898276329040527","8.377857208251953","8.377857208251953","8.377857208251953","8.455358505249023","8.455358505249023","8.455358505249023"
"58","8.907503128051758","8.907503128051758","8.907503128051758","8.60665512084961","8.60665512084961","8.60665512084961","8.843626976013184","8.843626976013184","8.843626976013184","8.929155349731445","8.929155349731445","8.929155349731445","8.963315963745117","8.963315963745117","8.963315963745117"
"59","8.817675590515137","8.817675590515137","8.817675590515137","9.037172317504883","9.037172317504883","9.037172317504883","8.751190185546875","8.751190185546875","8.751190185546875","8.703949928283691","8.703949928283691","8.703949928283691","8.73583984375","8.73583984375","8.73583984375"
"61","8.517860412597656","8.517860412597656","8.517860412597656","8.864615440368652","8.864615440368652","8.864615440368652","8.628141403198242","8.628141403198242","8.628141403198242","8.453524589538574","8.453524589538574","8.453524589538574","8.4130859375","8.4130859375","8.4130859375"
"62","8.358227729797363","8.358227729797363","8.358227729797363","8.671900749206543","8.671900749206543","8.671900749206543","8.375523567199707","8.375523567199707","8.375523567199707","8.284324645996094","8.284324645996094","8.284324645996094","8.285855293273926","8.285855293273926","8.285855293273926"
"63","8.708845138549805","8.708845138549805","8.708845138549805","8.527273178100586","8.527273178100586","8.527273178100586","8.729844093322754","8.729844093322754","8.729844093322754","8.774860382080078","8.774860382080078","8.774860382080078","8.711387634277344","8.711387634277344","8.711387634277344"
"64","8.489775657653809","8.489775657653809","8.489775657653809","8.59136962890625","8.59136962890625","8.59136962890625","8.482365608215332","8.482365608215332","8.482365608215332","8.531194686889648","8.531194686889648","8.531194686889648","8.477290153503418","8.477290153503418","8.477290153503418"
"66","8.879705429077148","8.879705429077148","8.879705429077148","9.004196166992188","9.004196166992188","9.004196166992188","8.955081939697266","8.955081939697266","8.955081939697266","8.931872367858887","8.931872367858887","8.931872367858887","8.920306205749512","8.920306205749512","8.920306205749512"
"67","8.485021591186523","8.485021591186523","8.485021591186523","8.3700532913208","8.3700532913208","8.3700532913208","8.521363258361816","8.521363258361816","8.521363258361816","8.570695877075195","8.570695877075195","8.570695877075195","8.511860847473145","8.511860847473145","8.511860847473145"
"68","8.479851722717285","8.479851722717285","8.479851722717285","8.373041152954102","8.373041152954102","8.373041152954102","8.625279426574707","8.625279426574707","8.625279426574707","8.433549880981445","8.433549880981445","8.433549880981445","8.71927261352539","8.71927261352539","8.71927261352539"
"69","8.44796371459961","8.44796371459961","8.44796371459961","8.289602279663086","8.289602279663086","8.289602279663086","8.49184513092041","8.49184513092041","8.49184513092041","8.486430168151855","8.486430168151855","8.486430168151855","8.494657516479492","8.494657516479492","8.494657516479492"
"71","8.618990898132324","8.618990898132324","8.618990898132324","8.427943229675293","8.427943229675293","8.427943229675293","8.685701370239258","8.685701370239258","8.685701370239258","8.666040420532227","8.666040420532227","8.666040420532227","8.718225479125977","8.718225479125977","8.718225479125977"
"72","8.72014045715332","8.72014045715332","8.72014045715332","8.51048755645752","8.51048755645752","8.51048755645752","8.507349014282227","8.507349014282227","8.507349014282227","8.592015266418457","8.592015266418457","8.592015266418457","8.546792984008789","8.546792984008789","8.546792984008789"
"73","8.039641380310059","8.039641380310059","8.039641380310059","8.387125968933105","8.387125968933105","8.387125968933105","8.01923656463623","8.01923656463623","8.01923656463623","7.997936725616455","7.997936725616455","7.997936725616455","8.051862716674805","8.051862716674805","8.051862716674805"
"74","8.23520278930664","8.23520278930664","8.23520278930664","8.360689163208008","8.360689163208008","8.360689163208008","8.201284408569336","8.201284408569336","8.201284408569336","8.155205726623535","8.155205726623535","8.155205726623535","8.306021690368652","8.306021690368652","8.306021690368652"
"76","7.7096638679504395","7.7096638679504395","7.7096638679504395","7.961109161376953","7.961109161376953","7.961109161376953","7.7449822425842285","7.7449822425842285","7.7449822425842285","7.772266864776611","7.772266864776611","7.772266864776611","7.78432035446167","7.78432035446167","7.78432035446167"
"77","8.724723815917969","8.724723815917969","8.724723815917969","8.408388137817383","8.408388137817383","8.408388137817383","8.722890853881836","8.722890853881836","8.722890853881836","8.93759822845459","8.93759822845459","8.93759822845459","8.732242584228516","8.732242584228516","8.732242584228516"
"78","8.437504768371582","8.437504768371582","8.437504768371582","8.439962387084961","8.439962387084961","8.439962387084961","8.465601921081543","8.465601921081543","8.465601921081543","9.27572250366211","9.27572250366211","9.27572250366211","8.460773468017578","8.460773468017578","8.460773468017578"
"79","8.364384651184082","8.364384651184082","8.364384651184082","8.532849311828613","8.532849311828613","8.532849311828613","8.468915939331055","8.468915939331055","8.468915939331055","8.409346580505371","8.409346580505371","8.409346580505371","8.371753692626953","8.371753692626953","8.371753692626953"
"81","8.338008880615234","8.338008880615234","8.338008880615234","8.464548110961914","8.464548110961914","8.464548110961914","8.32287311553955","8.32287311553955","8.32287311553955","8.31640911102295","8.31640911102295","8.31640911102295","8.309968948364258","8.309968948364258","8.309968948364258"
"82","8.105476379394531","8.105476379394531","8.105476379394531","8.134852409362793","8.134852409362793","8.134852409362793","8.027484893798828","8.027484893798828","8.027484893798828","8.027795791625977","8.027795791625977","8.027795791625977","8.096272468566895","8.096272468566895","8.096272468566895"
"83","8.032844543457031","8.032844543457031","8.032844543457031","8.230998039245605","8.230998039245605","8.230998039245605","7.9319748878479","7.9319748878479","7.9319748878479","7.987497806549072","7.987497806549072","7.987497806549072","7.99874210357666","7.99874210357666","7.99874210357666"
"84","8.417346000671387","8.417346000671387","8.417346000671387","8.462501525878906","8.462501525878906","8.462501525878906","8.338687896728516","8.338687896728516","8.338687896728516","8.20169734954834","8.20169734954834","8.20169734954834","8.290782928466797","8.290782928466797","8.290782928466797"
"86","8.13852310180664","8.13852310180664","8.13852310180664","8.205368995666504","8.205368995666504","8.205368995666504","8.126419067382812","8.126419067382812","8.126419067382812","8.07170295715332","8.07170295715332","8.07170295715332","8.131644248962402","8.131644248962402","8.131644248962402"
"87","8.056097984313965","8.056097984313965","8.056097984313965","8.654685020446777","8.654685020446777","8.654685020446777","8.283943176269531","8.283943176269531","8.283943176269531","8.066732406616211","8.066732406616211","8.066732406616211","8.048280715942383","8.048280715942383","8.048280715942383"
"88","7.503105640411377","7.503105640411377","7.503105640411377","8.195648193359375","8.195648193359375","8.195648193359375","7.552694320678711","7.552694320678711","7.552694320678711","7.4781107902526855","7.4781107902526855","7.4781107902526855","7.567412853240967","7.567412853240967","7.567412853240967"
"89","8.010662078857422","8.010662078857422","8.010662078857422","8.265376091003418","8.265376091003418","8.265376091003418","8.034403800964355","8.034403800964355","8.034403800964355","7.998804569244385","7.998804569244385","7.998804569244385","8.025561332702637","8.025561332702637","8.025561332702637"
"91","7.6493120193481445","7.6493120193481445","7.6493120193481445","8.252264976501465","8.252264976501465","8.252264976501465","7.688364028930664","7.688364028930664","7.688364028930664","7.686345100402832","7.686345100402832","7.686345100402832","7.67830228805542","7.67830228805542","7.67830228805542"
"92","8.17397403717041","8.17397403717041","8.17397403717041","8.13848876953125","8.13848876953125","8.13848876953125","8.17741870880127","8.17741870880127","8.17741870880127","8.170040130615234","8.170040130615234","8.170040130615234","8.17833423614502","8.17833423614502","8.17833423614502"
"93","8.231472969055176","8.231472969055176","8.231472969055176","8.271754264831543","8.271754264831543","8.271754264831543","8.334856986999512","8.334856986999512","8.334856986999512","8.212578773498535","8.212578773498535","8.212578773498535","8.280481338500977","8.280481338500977","8.280481338500977"
"94","8.122590065002441","8.122590065002441","8.122590065002441","7.950285911560059","7.950285911560059","7.950285911560059","8.654243469238281","8.654243469238281","8.654243469238281","8.098366737365723","8.098366737365723","8.098366737365723","8.130768775939941","8.130768775939941","8.130768775939941"
"96","8.06335163116455","8.06335163116455","8.06335163116455","8.320375442504883","8.320375442504883","8.320375442504883","8.115447998046875","8.115447998046875","8.115447998046875","8.075698852539062","8.075698852539062","8.075698852539062","8.016024589538574","8.016024589538574","8.016024589538574"
"97","8.179242134094238","8.179242134094238","8.179242134094238","8.47544002532959","8.47544002532959","8.47544002532959","8.22767448425293","8.22767448425293","8.22767448425293","8.20155143737793","8.20155143737793","8.20155143737793","8.226837158203125","8.226837158203125","8.226837158203125"
"98","7.94033670425415","7.94033670425415","7.94033670425415","8.070455551147461","8.070455551147461","8.070455551147461","7.956697940826416","7.956697940826416","7.956697940826416","7.937826156616211","7.937826156616211","7.937826156616211","7.979556560516357","7.979556560516357","7.979556560516357"
"99","8.019354820251465","8.019354820251465","8.019354820251465","8.491573333740234","8.491573333740234","8.491573333740234","8.113203048706055","8.113203048706055","8.113203048706055","8.067716598510742","8.067716598510742","8.067716598510742","8.085406303405762","8.085406303405762","8.085406303405762"
"101","8.176535606384277","8.176535606384277","8.176535606384277","8.06843090057373","8.06843090057373","8.06843090057373","8.11007022857666","8.11007022857666","8.11007022857666","8.101340293884277","8.101340293884277","8.101340293884277","8.096395492553711","8.096395492553711","8.096395492553711"
"102","8.716256141662598","8.716256141662598","8.716256141662598","8.067977905273438","8.067977905273438","8.067977905273438","8.78038215637207","8.78038215637207","8.78038215637207","8.71951675415039","8.71951675415039","8.71951675415039","8.707045555114746","8.707045555114746","8.707045555114746"
"103","7.648619174957275","7.648619174957275","7.648619174957275","8.119024276733398","8.119024276733398","8.119024276733398","7.6783623695373535","7.6783623695373535","7.6783623695373535","7.618081569671631","7.618081569671631","7.618081569671631","7.632496356964111","7.632496356964111","7.632496356964111"
"104","8.288355827331543","8.288355827331543","8.288355827331543","8.206521034240723","8.206521034240723","8.206521034240723","8.278470039367676","8.278470039367676","8.278470039367676","8.20760726928711","8.20760726928711","8.20760726928711","8.33906364440918","8.33906364440918","8.33906364440918"
"106","8.086786270141602","8.086786270141602","8.086786270141602","8.050446510314941","8.050446510314941","8.050446510314941","8.14096450805664","8.14096450805664","8.14096450805664","8.136861801147461","8.136861801147461","8.136861801147461","8.057889938354492","8.057889938354492","8.057889938354492"
"107","7.764379501342773","7.764379501342773","7.764379501342773","7.746434211730957","7.746434211730957","7.746434211730957","7.737213611602783","7.737213611602783","7.737213611602783","7.811074256896973","7.811074256896973","7.811074256896973","7.8082966804504395","7.8082966804504395","7.8082966804504395"
"108","7.975034236907959","7.975034236907959","7.975034236907959","8.095658302307129","8.095658302307129","8.095658302307129","7.980501174926758","7.980501174926758","7.980501174926758","7.9535956382751465","7.9535956382751465","7.9535956382751465","7.949545860290527","7.949545860290527","7.949545860290527"
"109","8.196222305297852","8.196222305297852","8.196222305297852","7.663173198699951","7.663173198699951","7.663173198699951","8.32856559753418","8.32856559753418","8.32856559753418","8.290566444396973","8.290566444396973","8.290566444396973","8.272192001342773","8.272192001342773","8.272192001342773"
"111","8.33960247039795","8.33960247039795","8.33960247039795","7.943808555603027","7.943808555603027","7.943808555603027","8.265753746032715","8.265753746032715","8.265753746032715","8.247014999389648","8.247014999389648","8.247014999389648","8.26422119140625","8.26422119140625","8.26422119140625"
"112","7.59946870803833","7.59946870803833","7.59946870803833","8.635552406311035","8.635552406311035","8.635552406311035","7.5649733543396","7.5649733543396","7.5649733543396","7.544449329376221","7.544449329376221","7.544449329376221","7.5454421043396","7.5454421043396","7.5454421043396"
"113","7.8332600593566895","7.8332600593566895","7.8332600593566895","7.831608772277832","7.831608772277832","7.831608772277832","7.869080543518066","7.869080543518066","7.869080543518066","7.835684776306152","7.835684776306152","7.835684776306152","7.888105869293213","7.888105869293213","7.888105869293213"
"114","7.439623832702637","7.439623832702637","7.439623832702637","7.991977691650391","7.991977691650391","7.991977691650391","7.45368766784668","7.45368766784668","7.45368766784668","7.484285354614258","7.484285354614258","7.484285354614258","7.504499912261963","7.504499912261963","7.504499912261963"
"116","7.876272678375244","7.876272678375244","7.876272678375244","7.793798446655273","7.793798446655273","7.793798446655273","7.86949348449707","7.86949348449707","7.86949348449707","7.801259994506836","7.801259994506836","7.801259994506836","7.7916259765625","7.7916259765625","7.7916259765625"
"117","8.152912139892578","8.152912139892578","8.152912139892578","7.865962505340576","7.865962505340576","7.865962505340576","7.960707664489746","7.960707664489746","7.960707664489746","7.963599681854248","7.963599681854248","7.963599681854248","7.985409736633301","7.985409736633301","7.985409736633301"
"118","7.5607428550720215","7.5607428550720215","7.5607428550720215","8.025973320007324","8.025973320007324","8.025973320007324","7.564494609832764","7.564494609832764","7.564494609832764","7.555595874786377","7.555595874786377","7.555595874786377","7.540699481964111","7.540699481964111","7.540699481964111"
"119","7.712790012359619","7.712790012359619","7.712790012359619","8.076960563659668","8.076960563659668","8.076960563659668","7.814429759979248","7.814429759979248","7.814429759979248","7.787455081939697","7.787455081939697","7.787455081939697","7.79788064956665","7.79788064956665","7.79788064956665"
"121","7.807971954345703","7.807971954345703","7.807971954345703","7.93489933013916","7.93489933013916","7.93489933013916","7.772576332092285","7.772576332092285","7.772576332092285","7.74282693862915","7.74282693862915","7.74282693862915","7.8106608390808105","7.8106608390808105","7.8106608390808105"
"122","8.2169828414917","8.2169828414917","8.2169828414917","7.427440643310547","7.427440643310547","7.427440643310547","8.222208976745605","8.222208976745605","8.222208976745605","8.230951309204102","8.230951309204102","8.230951309204102","8.221965789794922","8.221965789794922","8.221965789794922"
"123","7.883954048156738","7.883954048156738","7.883954048156738","7.988927364349365","7.988927364349365","7.988927364349365","7.800101280212402","7.800101280212402","7.800101280212402","7.916950225830078","7.916950225830078","7.916950225830078","7.868180751800537","7.868180751800537","7.868180751800537"
"124","7.789008140563965","7.789008140563965","7.789008140563965","7.86002254486084","7.86002254486084","7.86002254486084","7.804014205932617","7.804014205932617","7.804014205932617","7.735986232757568","7.735986232757568","7.735986232757568","7.768815040588379","7.768815040588379","7.768815040588379"
"126","7.642772674560547","7.642772674560547","7.642772674560547","7.633513450622559","7.633513450622559","7.633513450622559","7.651867389678955","7.651867389678955","7.651867389678955","7.6102070808410645","7.6102070808410645","7.6102070808410645","7.6740336418151855","7.6740336418151855","7.6740336418151855"
"127","8.033653259277344","8.033653259277344","8.033653259277344","8.482114791870117","8.482114791870117","8.482114791870117","8.040642738342285","8.040642738342285","8.040642738342285","7.965212821960449","7.965212821960449","7.965212821960449","7.988399505615234","7.988399505615234","7.988399505615234"
"128","7.870486736297607","7.870486736297607","7.870486736297607","8.16591739654541","8.16591739654541","8.16591739654541","7.927868843078613","7.927868843078613","7.927868843078613","7.922021389007568","7.922021389007568","7.922021389007568","7.829975128173828","7.829975128173828","7.829975128173828"
"129","7.513843536376953","7.513843536376953","7.513843536376953","7.777603626251221","7.777603626251221","7.777603626251221","7.608147144317627","7.608147144317627","7.608147144317627","7.538623332977295","7.538623332977295","7.538623332977295","7.5544633865356445","7.5544633865356445","7.5544633865356445"
"131","8.249747276306152","8.249747276306152","8.249747276306152","7.830506324768066","7.830506324768066","7.830506324768066","8.214957237243652","8.214957237243652","8.214957237243652","8.193428993225098","8.193428993225098","8.193428993225098","8.216326713562012","8.216326713562012","8.216326713562012"
"132","7.82594108581543","7.82594108581543","7.82594108581543","7.174665927886963","7.174665927886963","7.174665927886963","7.86807107925415","7.86807107925415","7.86807107925415","7.815179347991943","7.815179347991943","7.815179347991943","7.90274715423584","7.90274715423584","7.90274715423584"
"133","8.052087783813477","8.052087783813477","8.052087783813477","7.532001972198486","7.532001972198486","7.532001972198486","8.134532928466797","8.134532928466797","8.134532928466797","8.0108060836792","8.0108060836792","8.0108060836792","8.016556739807129","8.016556739807129","8.016556739807129"
"134","7.6215620040893555","7.6215620040893555","7.6215620040893555","7.4536566734313965","7.4536566734313965","7.4536566734313965","7.685328960418701","7.685328960418701","7.685328960418701","7.6427321434021","7.6427321434021","7.6427321434021","7.614354133605957","7.614354133605957","7.614354133605957"
"136","7.082895278930664","7.082895278930664","7.082895278930664","7.517043113708496","7.517043113708496","7.517043113708496","7.115564346313477","7.115564346313477","7.115564346313477","7.076936721801758","7.076936721801758","7.076936721801758","7.086618900299072","7.086618900299072","7.086618900299072"
"137","7.5046539306640625","7.5046539306640625","7.5046539306640625","7.716701984405518","7.716701984405518","7.716701984405518","7.525605201721191","7.525605201721191","7.525605201721191","7.538844108581543","7.538844108581543","7.538844108581543","7.501176357269287","7.501176357269287","7.501176357269287"
"138","7.830009460449219","7.830009460449219","7.830009460449219","7.756002426147461","7.756002426147461","7.756002426147461","7.827155113220215","7.827155113220215","7.827155113220215","7.796265602111816","7.796265602111816","7.796265602111816","7.818065643310547","7.818065643310547","7.818065643310547"
"139","7.399266719818115","7.399266719818115","7.399266719818115","7.744378566741943","7.744378566741943","7.744378566741943","7.364682197570801","7.364682197570801","7.364682197570801","7.338969707489014","7.338969707489014","7.338969707489014","7.338611125946045","7.338611125946045","7.338611125946045"
"141","7.35274076461792","7.35274076461792","7.35274076461792","8.311992645263672","8.311992645263672","8.311992645263672","7.353659152984619","7.353659152984619","7.353659152984619","7.254532814025879","7.254532814025879","7.254532814025879","7.352346897125244","7.352346897125244","7.352346897125244"
"142","7.872990608215332","7.872990608215332","7.872990608215332","7.703376770019531","7.703376770019531","7.703376770019531","7.87362813949585","7.87362813949585","7.87362813949585","7.839141845703125","7.839141845703125","7.839141845703125","7.82094669342041","7.82094669342041","7.82094669342041"
"143","7.031993389129639","7.031993389129639","7.031993389129639","7.679561614990234","7.679561614990234","7.679561614990234","7.158942222595215","7.158942222595215","7.158942222595215","7.067768573760986","7.067768573760986","7.067768573760986","7.109247207641602","7.109247207641602","7.109247207641602"
"144","7.517524242401123","7.517524242401123","7.517524242401123","7.79366397857666","7.79366397857666","7.79366397857666","7.5167460441589355","7.5167460441589355","7.5167460441589355","7.523548126220703","7.523548126220703","7.523548126220703","7.506259918212891","7.506259918212891","7.506259918212891"
"146","7.62687873840332","7.62687873840332","7.62687873840332","7.556773662567139","7.556773662567139","7.556773662567139","7.613703727722168","7.613703727722168","7.613703727722168","7.593498229980469","7.593498229980469","7.593498229980469","7.563757419586182","7.563757419586182","7.563757419586182"
"147","7.454187393188477","7.454187393188477","7.454187393188477","7.579002380371094","7.579002380371094","7.579002380371094","7.459338665008545","7.459338665008545","7.459338665008545","7.440534591674805","7.440534591674805","7.440534591674805","7.434568881988525","7.434568881988525","7.434568881988525"
"148","7.20864200592041","7.20864200592041","7.20864200592041","7.678119659423828","7.678119659423828","7.678119659423828","7.275500774383545","7.275500774383545","7.275500774383545","7.210629940032959","7.210629940032959","7.210629940032959","7.256551742553711","7.256551742553711","7.256551742553711"
"149","7.606192588806152","7.606192588806152","7.606192588806152","7.683355808258057","7.683355808258057","7.683355808258057","7.634012699127197","7.634012699127197","7.634012699127197","7.616311550140381","7.616311550140381","7.616311550140381","7.667547702789307","7.667547702789307","7.667547702789307"
"151","7.728156089782715","7.728156089782715","7.728156089782715","7.9228925704956055","7.9228925704956055","7.9228925704956055","7.812827110290527","7.812827110290527","7.812827110290527","7.7532830238342285","7.7532830238342285","7.7532830238342285","7.796419620513916","7.796419620513916","7.796419620513916"
"152","7.553717136383057","7.553717136383057","7.553717136383057","7.5138349533081055","7.5138349533081055","7.5138349533081055","7.567443370819092","7.567443370819092","7.567443370819092","7.483476638793945","7.483476638793945","7.483476638793945","7.522270202636719","7.522270202636719","7.522270202636719"
"153","7.362297058105469","7.362297058105469","7.362297058105469","7.6349406242370605","7.6349406242370605","7.6349406242370605","7.356002330780029","7.356002330780029","7.356002330780029","7.352028846740723","7.352028846740723","7.352028846740723","7.291644096374512","7.291644096374512","7.291644096374512"
"154","7.357087135314941","7.357087135314941","7.357087135314941","7.688999652862549","7.688999652862549","7.688999652862549","7.341032028198242","7.341032028198242","7.341032028198242","7.356985569000244","7.356985569000244","7.356985569000244","7.34312105178833","7.34312105178833","7.34312105178833"
"156","7.66845178604126","7.66845178604126","7.66845178604126","7.710568428039551","7.710568428039551","7.710568428039551","7.594999313354492","7.594999313354492","7.594999313354492","7.599940299987793","7.599940299987793","7.599940299987793","7.641850471496582","7.641850471496582","7.641850471496582"
"157","7.382237434387207","7.382237434387207","7.382237434387207","7.767857551574707","7.767857551574707","7.767857551574707","7.384030342102051","7.384030342102051","7.384030342102051","7.415669918060303","7.415669918060303","7.415669918060303","7.364226818084717","7.364226818084717","7.364226818084717"
"158","7.554153919219971","7.554153919219971","7.554153919219971","7.708944320678711","7.708944320678711","7.708944320678711","7.596526145935059","7.596526145935059","7.596526145935059","7.58014440536499","7.58014440536499","7.58014440536499","7.6125898361206055","7.6125898361206055","7.6125898361206055"
"159","7.140336036682129","7.140336036682129","7.140336036682129","7.092678070068359","7.092678070068359","7.092678070068359","7.1339545249938965","7.1339545249938965","7.1339545249938965","7.099879264831543","7.099879264831543","7.099879264831543","7.097779750823975","7.097779750823975","7.097779750823975"
"161","7.436826229095459","7.436826229095459","7.436826229095459","7.481496334075928","7.481496334075928","7.481496334075928","7.489892959594727","7.489892959594727","7.489892959594727","7.476160049438477","7.476160049438477","7.476160049438477","7.45258092880249","7.45258092880249","7.45258092880249"
"162","7.577669143676758","7.577669143676758","7.577669143676758","7.310205459594727","7.310205459594727","7.310205459594727","7.525759220123291","7.525759220123291","7.525759220123291","7.483349800109863","7.483349800109863","7.483349800109863","7.589568138122559","7.589568138122559","7.589568138122559"
"163","7.158790111541748","7.158790111541748","7.158790111541748","7.421328067779541","7.421328067779541","7.421328067779541","7.190942287445068","7.190942287445068","7.190942287445068","7.167844295501709","7.167844295501709","7.167844295501709","7.163666725158691","7.163666725158691","7.163666725158691"
"164","6.808661937713623","6.808661937713623","6.808661937713623","7.573635578155518","7.573635578155518","7.573635578155518","6.800485610961914","6.800485610961914","6.800485610961914","6.808598041534424","6.808598041534424","6.808598041534424","6.782510280609131","6.782510280609131","6.782510280609131"
"166","7.433587551116943","7.433587551116943","7.433587551116943","7.1843953132629395","7.1843953132629395","7.1843953132629395","7.407338619232178","7.407338619232178","7.407338619232178","7.39342737197876","7.39342737197876","7.39342737197876","7.382309436798096","7.382309436798096","7.382309436798096"
"167","7.455494403839111","7.455494403839111","7.455494403839111","7.362102508544922","7.362102508544922","7.362102508544922","7.46014928817749","7.46014928817749","7.46014928817749","7.525487422943115","7.525487422943115","7.525487422943115","7.5004167556762695","7.5004167556762695","7.5004167556762695"
"168","7.410607814788818","7.410607814788818","7.410607814788818","7.335010051727295","7.335010051727295","7.335010051727295","7.419556140899658","7.419556140899658","7.419556140899658","7.378301620483398","7.378301620483398","7.378301620483398","7.377613544464111","7.377613544464111","7.377613544464111"
"169","7.6933417320251465","7.6933417320251465","7.6933417320251465","7.321372985839844","7.321372985839844","7.321372985839844","7.721349716186523","7.721349716186523","7.721349716186523","7.679269790649414","7.679269790649414","7.679269790649414","7.701268672943115","7.701268672943115","7.701268672943115"
"171","7.736415863037109","7.736415863037109","7.736415863037109","7.526625633239746","7.526625633239746","7.526625633239746","7.752532482147217","7.752532482147217","7.752532482147217","7.732501983642578","7.732501983642578","7.732501983642578","7.704251289367676","7.704251289367676","7.704251289367676"
"172","8.053067207336426","8.053067207336426","8.053067207336426","7.325833320617676","7.325833320617676","7.325833320617676","8.081132888793945","8.081132888793945","8.081132888793945","7.9727020263671875","7.9727020263671875","7.9727020263671875","8.06807804107666","8.06807804107666","8.06807804107666"
"173","7.375004768371582","7.375004768371582","7.375004768371582","7.1789326667785645","7.1789326667785645","7.1789326667785645","7.432886600494385","7.432886600494385","7.432886600494385","7.40509033203125","7.40509033203125","7.40509033203125","7.457578182220459","7.457578182220459","7.457578182220459"
"174","7.128273963928223","7.128273963928223","7.128273963928223","7.241903305053711","7.241903305053711","7.241903305053711","7.1550421714782715","7.1550421714782715","7.1550421714782715","7.101900100708008","7.101900100708008","7.101900100708008","7.078828811645508","7.078828811645508","7.078828811645508"
"176","7.448000907897949","7.448000907897949","7.448000907897949","7.543210506439209","7.543210506439209","7.543210506439209","7.4693779945373535","7.4693779945373535","7.4693779945373535","7.401767253875732","7.401767253875732","7.401767253875732","7.388172149658203","7.388172149658203","7.388172149658203"
"177","7.000544548034668","7.000544548034668","7.000544548034668","7.322749137878418","7.322749137878418","7.322749137878418","7.018834114074707","7.018834114074707","7.018834114074707","7.001635551452637","7.001635551452637","7.001635551452637","7.038266658782959","7.038266658782959","7.038266658782959"
"178","7.325376987457275","7.325376987457275","7.325376987457275","7.07729959487915","7.07729959487915","7.07729959487915","7.337490558624268","7.337490558624268","7.337490558624268","7.330695629119873","7.330695629119873","7.330695629119873","7.347573757171631","7.347573757171631","7.347573757171631"
"179","6.582806587219238","6.582806587219238","6.582806587219238","7.618699073791504","7.618699073791504","7.618699073791504","6.732415199279785","6.732415199279785","6.732415199279785","6.636638641357422","6.636638641357422","6.636638641357422","6.735117435455322","6.735117435455322","6.735117435455322"
"181","7.276220798492432","7.276220798492432","7.276220798492432","7.176177024841309","7.176177024841309","7.176177024841309","7.31244421005249","7.31244421005249","7.31244421005249","7.326080322265625","7.326080322265625","7.326080322265625","7.302768707275391","7.302768707275391","7.302768707275391"
"182","7.6519598960876465","7.6519598960876465","7.6519598960876465","7.462292671203613","7.462292671203613","7.462292671203613","7.620176792144775","7.620176792144775","7.620176792144775","7.640429496765137","7.640429496765137","7.640429496765137","7.6502790451049805","7.6502790451049805","7.6502790451049805"
"183","7.382786750793457","7.382786750793457","7.382786750793457","6.895327568054199","6.895327568054199","6.895327568054199","7.359181880950928","7.359181880950928","7.359181880950928","7.342715740203857","7.342715740203857","7.342715740203857","7.3722405433654785","7.3722405433654785","7.3722405433654785"
"184","6.636986255645752","6.636986255645752","6.636986255645752","7.334775924682617","7.334775924682617","7.334775924682617","6.6658453941345215","6.6658453941345215","6.6658453941345215","6.638704776763916","6.638704776763916","6.638704776763916","6.611265182495117","6.611265182495117","6.611265182495117"
"186","6.811132431030273","6.811132431030273","6.811132431030273","7.420344829559326","7.420344829559326","7.420344829559326","6.814437389373779","6.814437389373779","6.814437389373779","6.794510841369629","6.794510841369629","6.794510841369629","6.811058044433594","6.811058044433594","6.811058044433594"
"187","7.2493133544921875","7.2493133544921875","7.2493133544921875","7.5499348640441895","7.5499348640441895","7.5499348640441895","7.283326625823975","7.283326625823975","7.283326625823975","7.232533931732178","7.232533931732178","7.232533931732178","7.265451908111572","7.265451908111572","7.265451908111572"
"188","7.119806289672852","7.119806289672852","7.119806289672852","7.180863857269287","7.180863857269287","7.180863857269287","7.091933727264404","7.091933727264404","7.091933727264404","7.11696720123291","7.11696720123291","7.11696720123291","7.077635288238525","7.077635288238525","7.077635288238525"
"189","7.254252910614014","7.254252910614014","7.254252910614014","7.45615291595459","7.45615291595459","7.45615291595459","7.294500350952148","7.294500350952148","7.294500350952148","7.292316436767578","7.292316436767578","7.292316436767578","7.237499713897705","7.237499713897705","7.237499713897705"
"191","7.323934555053711","7.323934555053711","7.323934555053711","7.647877216339111","7.647877216339111","7.647877216339111","7.320642471313477","7.320642471313477","7.320642471313477","7.269272804260254","7.269272804260254","7.269272804260254","7.267751693725586","7.267751693725586","7.267751693725586"
"192","7.432094573974609","7.432094573974609","7.432094573974609","6.771759033203125","6.771759033203125","6.771759033203125","7.498029708862305","7.498029708862305","7.498029708862305","7.481499195098877","7.481499195098877","7.481499195098877","7.509222030639648","7.509222030639648","7.509222030639648"
"193","7.5096659660339355","7.5096659660339355","7.5096659660339355","7.198400497436523","7.198400497436523","7.198400497436523","7.480820178985596","7.480820178985596","7.480820178985596","7.475397109985352","7.475397109985352","7.475397109985352","7.508761405944824","7.508761405944824","7.508761405944824"
"194","7.775826454162598","7.775826454162598","7.775826454162598","7.978001117706299","7.978001117706299","7.978001117706299","7.794193267822266","7.794193267822266","7.794193267822266","7.790818691253662","7.790818691253662","7.790818691253662","7.794651031494141","7.794651031494141","7.794651031494141"
"196","6.681687831878662","6.681687831878662","6.681687831878662","7.598900318145752","7.598900318145752","7.598900318145752","6.660045146942139","6.660045146942139","6.660045146942139","6.687587738037109","6.687587738037109","6.687587738037109","6.640049457550049","6.640049457550049","6.640049457550049"
"197","6.772101402282715","6.772101402282715","6.772101402282715","7.532201290130615","7.532201290130615","7.532201290130615","6.691754341125488","6.691754341125488","6.691754341125488","6.736670970916748","6.736670970916748","6.736670970916748","6.679477691650391","6.679477691650391","6.679477691650391"
"198","7.477441310882568","7.477441310882568","7.477441310882568","7.158653259277344","7.158653259277344","7.158653259277344","7.476780891418457","7.476780891418457","7.476780891418457","7.505489349365234","7.505489349365234","7.505489349365234","7.485466003417969","7.485466003417969","7.485466003417969"
"199","7.3319597244262695","7.3319597244262695","7.3319597244262695","7.128363132476807","7.128363132476807","7.128363132476807","7.379392623901367","7.379392623901367","7.379392623901367","7.346744537353516","7.346744537353516","7.346744537353516","7.29721736907959","7.29721736907959","7.29721736907959"
"201","7.183740615844727","7.183740615844727","7.183740615844727","7.359112739562988","7.359112739562988","7.359112739562988","7.188807487487793","7.188807487487793","7.188807487487793","7.202742099761963","7.202742099761963","7.202742099761963","7.232508182525635","7.232508182525635","7.232508182525635"
"202","7.537941932678223","7.537941932678223","7.537941932678223","7.4980010986328125","7.4980010986328125","7.4980010986328125","7.527037143707275","7.527037143707275","7.527037143707275","7.549794673919678","7.549794673919678","7.549794673919678","7.5929460525512695","7.5929460525512695","7.5929460525512695"
"203","7.446094989776611","7.446094989776611","7.446094989776611","7.185023784637451","7.185023784637451","7.185023784637451","7.438485622406006","7.438485622406006","7.438485622406006","7.4053778648376465","7.4053778648376465","7.4053778648376465","7.419630527496338","7.419630527496338","7.419630527496338"
"204","7.289939880371094","7.289939880371094","7.289939880371094","7.071810245513916","7.071810245513916","7.071810245513916","7.309005260467529","7.309005260467529","7.309005260467529","7.306790828704834","7.306790828704834","7.306790828704834","7.349795341491699","7.349795341491699","7.349795341491699"
"206","7.193410396575928","7.193410396575928","7.193410396575928","7.512810707092285","7.512810707092285","7.512810707092285","7.263449668884277","7.263449668884277","7.263449668884277","7.203346252441406","7.203346252441406","7.203346252441406","7.203231334686279","7.203231334686279","7.203231334686279"
"207","7.183767318725586","7.183767318725586","7.183767318725586","7.197314262390137","7.197314262390137","7.197314262390137","7.195436000823975","7.195436000823975","7.195436000823975","7.136203289031982","7.136203289031982","7.136203289031982","7.139209747314453","7.139209747314453","7.139209747314453"
"208","7.627607822418213","7.627607822418213","7.627607822418213","7.351235389709473","7.351235389709473","7.351235389709473","7.630188941955566","7.630188941955566","7.630188941955566","7.599289894104004","7.599289894104004","7.599289894104004","7.601382732391357","7.601382732391357","7.601382732391357"
"209","7.020890712738037","7.020890712738037","7.020890712738037","6.907970428466797","6.907970428466797","6.907970428466797","7.050788879394531","7.050788879394531","7.050788879394531","7.011470317840576","7.011470317840576","7.011470317840576","6.98544979095459","6.98544979095459","6.98544979095459"
"211","7.507350444793701","7.507350444793701","7.507350444793701","6.987030506134033","6.987030506134033","6.987030506134033","7.495456218719482","7.495456218719482","7.495456218719482","7.486884117126465","7.486884117126465","7.486884117126465","7.439877510070801","7.439877510070801","7.439877510070801"
"212","7.181134223937988","7.181134223937988","7.181134223937988","7.312254905700684","7.312254905700684","7.312254905700684","7.1762003898620605","7.1762003898620605","7.1762003898620605","7.157646656036377","7.157646656036377","7.157646656036377","7.1854658126831055","7.1854658126831055","7.1854658126831055"
"213","7.069520473480225","7.069520473480225","7.069520473480225","6.831763744354248","6.831763744354248","6.831763744354248","7.060452938079834","7.060452938079834","7.060452938079834","7.084877967834473","7.084877967834473","7.084877967834473","7.034149169921875","7.034149169921875","7.034149169921875"
"214","7.053135871887207","7.053135871887207","7.053135871887207","7.3393964767456055","7.3393964767456055","7.3393964767456055","7.1161088943481445","7.1161088943481445","7.1161088943481445","7.070519924163818","7.070519924163818","7.070519924163818","7.044507026672363","7.044507026672363","7.044507026672363"
"216","7.338935375213623","7.338935375213623","7.338935375213623","7.176084518432617","7.176084518432617","7.176084518432617","7.354504108428955","7.354504108428955","7.354504108428955","7.323464393615723","7.323464393615723","7.323464393615723","7.350059509277344","7.350059509277344","7.350059509277344"
"217","7.403876781463623","7.403876781463623","7.403876781463623","7.206223487854004","7.206223487854004","7.206223487854004","7.430849552154541","7.430849552154541","7.430849552154541","7.366518974304199","7.366518974304199","7.366518974304199","7.3703389167785645","7.3703389167785645","7.3703389167785645"
"218","7.180909633636475","7.180909633636475","7.180909633636475","7.482861518859863","7.482861518859863","7.482861518859863","7.151520252227783","7.151520252227783","7.151520252227783","7.144022464752197","7.144022464752197","7.144022464752197","7.178367614746094","7.178367614746094","7.178367614746094"
"219","7.484973430633545","7.484973430633545","7.484973430633545","7.348447799682617","7.348447799682617","7.348447799682617","7.416722297668457","7.416722297668457","7.416722297668457","7.443454742431641","7.443454742431641","7.443454742431641","7.43745756149292","7.43745756149292","7.43745756149292"
"221","7.25006103515625","7.25006103515625","7.25006103515625","7.246414661407471","7.246414661407471","7.246414661407471","7.23689079284668","7.23689079284668","7.23689079284668","7.2343339920043945","7.2343339920043945","7.2343339920043945","7.220046520233154","7.220046520233154","7.220046520233154"
"222","7.29791784286499","7.29791784286499","7.29791784286499","7.43366813659668","7.43366813659668","7.43366813659668","7.276245594024658","7.276245594024658","7.276245594024658","7.293449878692627","7.293449878692627","7.293449878692627","7.320422649383545","7.320422649383545","7.320422649383545"
"223","7.033904075622559","7.033904075622559","7.033904075622559","7.382091045379639","7.382091045379639","7.382091045379639","7.036996841430664","7.036996841430664","7.036996841430664","6.989726543426514","6.989726543426514","6.989726543426514","7.008852958679199","7.008852958679199","7.008852958679199"
"224","7.018934726715088","7.018934726715088","7.018934726715088","7.118510723114014","7.118510723114014","7.118510723114014","7.059636116027832","7.059636116027832","7.059636116027832","7.021808624267578","7.021808624267578","7.021808624267578","7.0425615310668945","7.0425615310668945","7.0425615310668945"
"226","7.490702152252197","7.490702152252197","7.490702152252197","7.228498458862305","7.228498458862305","7.228498458862305","7.565178394317627","7.565178394317627","7.565178394317627","7.517692565917969","7.517692565917969","7.517692565917969","7.59304666519165","7.59304666519165","7.59304666519165"
"227","7.525546073913574","7.525546073913574","7.525546073913574","7.14558744430542","7.14558744430542","7.14558744430542","7.625741004943848","7.625741004943848","7.625741004943848","7.68706750869751","7.68706750869751","7.68706750869751","7.564510822296143","7.564510822296143","7.564510822296143"
"228","7.161590576171875","7.161590576171875","7.161590576171875","7.690223217010498","7.690223217010498","7.690223217010498","7.176624298095703","7.176624298095703","7.176624298095703","7.213683128356934","7.213683128356934","7.213683128356934","7.161818504333496","7.161818504333496","7.161818504333496"
"229","7.585299968719482","7.585299968719482","7.585299968719482","7.2363481521606445","7.2363481521606445","7.2363481521606445","7.569689750671387","7.569689750671387","7.569689750671387","7.592550277709961","7.592550277709961","7.592550277709961","7.604100704193115","7.604100704193115","7.604100704193115"
"231","7.1430792808532715","7.1430792808532715","7.1430792808532715","6.941403388977051","6.941403388977051","6.941403388977051","7.132171630859375","7.132171630859375","7.132171630859375","7.187375068664551","7.187375068664551","7.187375068664551","7.090237140655518","7.090237140655518","7.090237140655518"
"232","6.874828815460205","6.874828815460205","6.874828815460205","7.078054904937744","7.078054904937744","7.078054904937744","6.90632963180542","6.90632963180542","6.90632963180542","6.848726749420166","6.848726749420166","6.848726749420166","6.8558430671691895","6.8558430671691895","6.8558430671691895"
"233","6.97990608215332","6.97990608215332","6.97990608215332","7.395553112030029","7.395553112030029","7.395553112030029","6.9365010261535645","6.9365010261535645","6.9365010261535645","7.006094455718994","7.006094455718994","7.006094455718994","6.944129943847656","6.944129943847656","6.944129943847656"
"234","7.444536209106445","7.444536209106445","7.444536209106445","6.995866775512695","6.995866775512695","6.995866775512695","7.453970909118652","7.453970909118652","7.453970909118652","7.401845932006836","7.401845932006836","7.401845932006836","7.49191427230835","7.49191427230835","7.49191427230835"
"236","6.507347106933594","6.507347106933594","6.507347106933594","7.257032871246338","7.257032871246338","7.257032871246338","6.553180694580078","6.553180694580078","6.553180694580078","6.525623321533203","6.525623321533203","6.525623321533203","6.5529327392578125","6.5529327392578125","6.5529327392578125"
"237","7.080408096313477","7.080408096313477","7.080408096313477","7.256290435791016","7.256290435791016","7.256290435791016","7.1932878494262695","7.1932878494262695","7.1932878494262695","7.107325553894043","7.107325553894043","7.107325553894043","7.098888397216797","7.098888397216797","7.098888397216797"
"238","7.21140193939209","7.21140193939209","7.21140193939209","6.932463645935059","6.932463645935059","6.932463645935059","7.1739583015441895","7.1739583015441895","7.1739583015441895","7.222664833068848","7.222664833068848","7.222664833068848","7.180398464202881","7.180398464202881","7.180398464202881"
"239","7.07365083694458","7.07365083694458","7.07365083694458","7.110393524169922","7.110393524169922","7.110393524169922","7.0488200187683105","7.0488200187683105","7.0488200187683105","7.1096906661987305","7.1096906661987305","7.1096906661987305","7.118687152862549","7.118687152862549","7.118687152862549"
"241","6.961406230926514","6.961406230926514","6.961406230926514","7.145012855529785","7.145012855529785","7.145012855529785","6.973926067352295","6.973926067352295","6.973926067352295","6.933599948883057","6.933599948883057","6.933599948883057","6.901623249053955","6.901623249053955","6.901623249053955"
"242","6.9344658851623535","6.9344658851623535","6.9344658851623535","6.915814399719238","6.915814399719238","6.915814399719238","7.000985145568848","7.000985145568848","7.000985145568848","6.979723930358887","6.979723930358887","6.979723930358887","6.954959869384766","6.954959869384766","6.954959869384766"
"243","7.002962112426758","7.002962112426758","7.002962112426758","7.246368408203125","7.246368408203125","7.246368408203125","7.033461093902588","7.033461093902588","7.033461093902588","7.025662899017334","7.025662899017334","7.025662899017334","6.98070764541626","6.98070764541626","6.98070764541626"
"244","7.2006425857543945","7.2006425857543945","7.2006425857543945","6.978525161743164","6.978525161743164","6.978525161743164","7.21727991104126","7.21727991104126","7.21727991104126","7.197721004486084","7.197721004486084","7.197721004486084","7.157601356506348","7.157601356506348","7.157601356506348"
"246","6.968723773956299","6.968723773956299","6.968723773956299","7.322381973266602","7.322381973266602","7.322381973266602","6.964238166809082","6.964238166809082","6.964238166809082","6.9637532234191895","6.9637532234191895","6.9637532234191895","6.944632053375244","6.944632053375244","6.944632053375244"
"247","7.116960048675537","7.116960048675537","7.116960048675537","7.245977878570557","7.245977878570557","7.245977878570557","7.111475467681885","7.111475467681885","7.111475467681885","7.178750514984131","7.178750514984131","7.178750514984131","7.1067118644714355","7.1067118644714355","7.1067118644714355"
"248","6.96343469619751","6.96343469619751","6.96343469619751","7.167609691619873","7.167609691619873","7.167609691619873","7.039477348327637","7.039477348327637","7.039477348327637","6.9416890144348145","6.9416890144348145","6.9416890144348145","6.942371845245361","6.942371845245361","6.942371845245361"
"249","7.049419403076172","7.049419403076172","7.049419403076172","7.163387775421143","7.163387775421143","7.163387775421143","7.092434883117676","7.092434883117676","7.092434883117676","7.056056022644043","7.056056022644043","7.056056022644043","7.067004203796387","7.067004203796387","7.067004203796387"