"Step","paper-main_4096_shallow_freeze-seed0-eval200-clean-infer - aah/flops_ratio","paper-main_4096_shallow_freeze-seed0-eval200-clean-infer - aah/flops_ratio__MIN","paper-main_4096_shallow_freeze-seed0-eval200-clean-infer - aah/flops_ratio__MAX","paper-main_4096_shallow_freeze-seed0-eval200-clean - aah/flops_ratio","paper-main_4096_shallow_freeze-seed0-eval200-clean - aah/flops_ratio__MIN","paper-main_4096_shallow_freeze-seed0-eval200-clean - aah/flops_ratio__MAX","paper-main_4096_pure_baseline-seed0-eval200-clean-infer - aah/flops_ratio","paper-main_4096_pure_baseline-seed0-eval200-clean-infer - aah/flops_ratio__MIN","paper-main_4096_pure_baseline-seed0-eval200-clean-infer - aah/flops_ratio__MAX","paper-main_4096_pure_baseline-seed0-eval200-clean - aah/flops_ratio","paper-main_4096_pure_baseline-seed0-eval200-clean - aah/flops_ratio__MIN","paper-main_4096_pure_baseline-seed0-eval200-clean - aah/flops_ratio__MAX","paper-main_4096_grouping_off-seed0-eval200-clean-infer - aah/flops_ratio","paper-main_4096_grouping_off-seed0-eval200-clean-infer - aah/flops_ratio__MIN","paper-main_4096_grouping_off-seed0-eval200-clean-infer - aah/flops_ratio__MAX","paper-main_4096_grouping_off-seed0-eval200-clean - aah/flops_ratio","paper-main_4096_grouping_off-seed0-eval200-clean - aah/flops_ratio__MIN","paper-main_4096_grouping_off-seed0-eval200-clean - aah/flops_ratio__MAX","paper-main_4096_full_adaptive-seed0-eval200-clean-infer - aah/flops_ratio","paper-main_4096_full_adaptive-seed0-eval200-clean-infer - aah/flops_ratio__MIN","paper-main_4096_full_adaptive-seed0-eval200-clean-infer - aah/flops_ratio__MAX","paper-main_4096_full_adaptive-seed0-eval200-clean - aah/flops_ratio","paper-main_4096_full_adaptive-seed0-eval200-clean - aah/flops_ratio__MIN","paper-main_4096_full_adaptive-seed0-eval200-clean - aah/flops_ratio__MAX","paper-main_4096_deep_practical_reuse-seed0-eval200-clean-infer - aah/flops_ratio","paper-main_4096_deep_practical_reuse-seed0-eval200-clean-infer - aah/flops_ratio__MIN","paper-main_4096_deep_practical_reuse-seed0-eval200-clean-infer - aah/flops_ratio__MAX","paper-main_4096_deep_practical_reuse-seed0-eval200-clean - aah/flops_ratio","paper-main_4096_deep_practical_reuse-seed0-eval200-clean - aah/flops_ratio__MIN","paper-main_4096_deep_practical_reuse-seed0-eval200-clean - aah/flops_ratio__MAX"
"0","0.7967075189155107","0.7967075189155107","0.7967075189155107","","","","1","1","1","","","","0.8705798129466162","0.8705798129466162","0.8705798129466162","","","","0.771545948928121","0.771545948928121","0.771545948928121","","","","0.8038402427490542","0.8038402427490542","0.8038402427490542","","",""
"1","","","","1","1","1","","","","1","1","1","","","","1","1","1","","","","1","1","1","","","","1","1","1"
"2","","","","1","1","1","","","","1","1","1","","","","1","1","1","","","","1","1","1","","","","1","1","1"
"3","","","","0.8169070512820513","0.8169070512820513","0.8169070512820513","","","","1","1","1","","","","0.8725961538461539","0.8725961538461539","0.8725961538461539","","","","0.8080929487179487","0.8080929487179487","0.8080929487179487","","","","0.7944711538461539","0.7944711538461539","0.7944711538461539"
"4","","","","0.813301282051282","0.813301282051282","0.813301282051282","","","","1","1","1","","","","0.8711939102564102","0.8711939102564102","0.8711939102564102","","","","0.7932692307692307","0.7932692307692307","0.7932692307692307","","","","0.7944711538461539","0.7944711538461539","0.7944711538461539"
"6","","","","0.813301282051282","0.813301282051282","0.813301282051282","","","","1","1","1","","","","0.8711939102564102","0.8711939102564102","0.8711939102564102","","","","0.7946714743589743","0.7946714743589743","0.7946714743589743","","","","0.7944711538461539","0.7944711538461539","0.7944711538461539"
"7","","","","0.813301282051282","0.813301282051282","0.813301282051282","","","","1","1","1","","","","0.8711939102564102","0.8711939102564102","0.8711939102564102","","","","0.7946714743589743","0.7946714743589743","0.7946714743589743","","","","0.7956730769230769","0.7956730769230769","0.7956730769230769"
"8","","","","0.813301282051282","0.813301282051282","0.813301282051282","","","","1","1","1","","","","0.8699919871794872","0.8699919871794872","0.8699919871794872","","","","0.7950721153846154","0.7950721153846154","0.7950721153846154","","","","0.7956730769230769","0.7956730769230769","0.7956730769230769"
"9","","","","0.813301282051282","0.813301282051282","0.813301282051282","","","","1","1","1","","","","0.8685897435897436","0.8685897435897436","0.8685897435897436","","","","0.8040865384615384","0.8040865384615384","0.8040865384615384","","","","0.8040865384615384","0.8040865384615384","0.8040865384615384"
"11","","","","0.8205128205128205","0.8205128205128205","0.8205128205128205","","","","1","1","1","","","","0.8685897435897436","0.8685897435897436","0.8685897435897436","","","","0.8036858974358975","0.8036858974358975","0.8036858974358975","","","","0.8112980769230769","0.8112980769230769","0.8112980769230769"
"12","","","","0.8177083333333334","0.8177083333333334","0.8177083333333334","","","","1","1","1","","","","0.8685897435897436","0.8685897435897436","0.8685897435897436","","","","0.803886217948718","0.803886217948718","0.803886217948718","","","","0.8112980769230769","0.8112980769230769","0.8112980769230769"
"13","","","","0.8092948717948718","0.8092948717948718","0.8092948717948718","","","","1","1","1","","","","0.8685897435897436","0.8685897435897436","0.8685897435897436","","","","0.803886217948718","0.803886217948718","0.803886217948718","","","","0.8016826923076923","0.8016826923076923","0.8016826923076923"
"14","","","","0.8092948717948718","0.8092948717948718","0.8092948717948718","","","","1","1","1","","","","0.8685897435897436","0.8685897435897436","0.8685897435897436","","","","0.8040865384615384","0.8040865384615384","0.8040865384615384","","","","0.8004807692307693","0.8004807692307693","0.8004807692307693"
"16","","","","0.8120993589743589","0.8120993589743589","0.8120993589743589","","","","1","1","1","","","","0.8685897435897436","0.8685897435897436","0.8685897435897436","","","","0.8028846153846154","0.8028846153846154","0.8028846153846154","","","","0.8028846153846154","0.8028846153846154","0.8028846153846154"
"17","","","","0.8120993589743589","0.8120993589743589","0.8120993589743589","","","","1","1","1","","","","0.8699919871794872","0.8699919871794872","0.8699919871794872","","","","0.8032852564102564","0.8032852564102564","0.8032852564102564","","","","0.8028846153846154","0.8028846153846154","0.8028846153846154"
"18","","","","0.8092948717948718","0.8092948717948718","0.8092948717948718","","","","1","1","1","","","","0.8699919871794872","0.8699919871794872","0.8699919871794872","","","","0.8004807692307693","0.8004807692307693","0.8004807692307693","","","","0.8004807692307693","0.8004807692307693","0.8004807692307693"
"19","","","","0.8092948717948718","0.8092948717948718","0.8092948717948718","","","","1","1","1","","","","0.8687900641025641","0.8687900641025641","0.8687900641025641","","","","0.8004807692307693","0.8004807692307693","0.8004807692307693","","","","0.8004807692307693","0.8004807692307693","0.8004807692307693"
"21","","","","0.8092948717948718","0.8092948717948718","0.8092948717948718","","","","1","1","1","","","","0.8685897435897436","0.8685897435897436","0.8685897435897436","","","","0.8004807692307693","0.8004807692307693","0.8004807692307693","","","","0.8004807692307693","0.8004807692307693","0.8004807692307693"
"22","","","","0.8092948717948718","0.8092948717948718","0.8092948717948718","","","","1","1","1","","","","0.8673878205128205","0.8673878205128205","0.8673878205128205","","","","0.8004807692307693","0.8004807692307693","0.8004807692307693","","","","0.8004807692307693","0.8004807692307693","0.8004807692307693"
"23","","","","0.8092948717948718","0.8092948717948718","0.8092948717948718","","","","1","1","1","","","","0.8661858974358975","0.8661858974358975","0.8661858974358975","","","","0.8004807692307693","0.8004807692307693","0.8004807692307693","","","","0.8004807692307693","0.8004807692307693","0.8004807692307693"
"24","","","","0.8092948717948718","0.8092948717948718","0.8092948717948718","","","","1","1","1","","","","0.8673878205128205","0.8673878205128205","0.8673878205128205","","","","0.8004807692307693","0.8004807692307693","0.8004807692307693","","","","0.8004807692307693","0.8004807692307693","0.8004807692307693"
"26","","","","0.8092948717948718","0.8092948717948718","0.8092948717948718","","","","1","1","1","","","","0.8673878205128205","0.8673878205128205","0.8673878205128205","","","","0.8004807692307693","0.8004807692307693","0.8004807692307693","","","","0.7920673076923077","0.7920673076923077","0.7920673076923077"
"27","","","","0.8092948717948718","0.8092948717948718","0.8092948717948718","","","","1","1","1","","","","0.8673878205128205","0.8673878205128205","0.8673878205128205","","","","0.8004807692307693","0.8004807692307693","0.8004807692307693","","","","0.8004807692307693","0.8004807692307693","0.8004807692307693"
"28","","","","0.8092948717948718","0.8092948717948718","0.8092948717948718","","","","1","1","1","","","","0.8673878205128205","0.8673878205128205","0.8673878205128205","","","","0.8004807692307693","0.8004807692307693","0.8004807692307693","","","","0.7908653846153846","0.7908653846153846","0.7908653846153846"
"29","","","","0.8092948717948718","0.8092948717948718","0.8092948717948718","","","","1","1","1","","","","0.8673878205128205","0.8673878205128205","0.8673878205128205","","","","0.8004807692307693","0.8004807692307693","0.8004807692307693","","","","0.7992788461538461","0.7992788461538461","0.7992788461538461"
"31","","","","0.8092948717948718","0.8092948717948718","0.8092948717948718","","","","1","1","1","","","","0.8685897435897436","0.8685897435897436","0.8685897435897436","","","","0.8004807692307693","0.8004807692307693","0.8004807692307693","","","","0.8004807692307693","0.8004807692307693","0.8004807692307693"
"32","","","","0.8092948717948718","0.8092948717948718","0.8092948717948718","","","","1","1","1","","","","0.8673878205128205","0.8673878205128205","0.8673878205128205","","","","0.8004807692307693","0.8004807692307693","0.8004807692307693","","","","0.7992788461538461","0.7992788461538461","0.7992788461538461"
"33","","","","0.8092948717948718","0.8092948717948718","0.8092948717948718","","","","1","1","1","","","","0.8673878205128205","0.8673878205128205","0.8673878205128205","","","","0.8050881410256411","0.8050881410256411","0.8050881410256411","","","","0.8004807692307693","0.8004807692307693","0.8004807692307693"
"34","","","","0.8092948717948718","0.8092948717948718","0.8092948717948718","","","","1","1","1","","","","0.8673878205128205","0.8673878205128205","0.8673878205128205","","","","0.7992788461538461","0.7992788461538461","0.7992788461538461","","","","0.7920673076923077","0.7920673076923077","0.7920673076923077"
"36","","","","0.8092948717948718","0.8092948717948718","0.8092948717948718","","","","1","1","1","","","","0.8673878205128205","0.8673878205128205","0.8673878205128205","","","","0.7918669871794872","0.7918669871794872","0.7918669871794872","","","","0.7920673076923077","0.7920673076923077","0.7920673076923077"
"37","","","","0.8092948717948718","0.8092948717948718","0.8092948717948718","","","","1","1","1","","","","0.8673878205128205","0.8673878205128205","0.8673878205128205","","","","0.7866586538461539","0.7866586538461539","0.7866586538461539","","","","0.7872596153846154","0.7872596153846154","0.7872596153846154"
"38","","","","0.8092948717948718","0.8092948717948718","0.8092948717948718","","","","1","1","1","","","","0.8673878205128205","0.8673878205128205","0.8673878205128205","","","","0.7874599358974359","0.7874599358974359","0.7874599358974359","","","","0.7788461538461539","0.7788461538461539","0.7788461538461539"
"39","","","","0.8092948717948718","0.8092948717948718","0.8092948717948718","","","","1","1","1","","","","0.8673878205128205","0.8673878205128205","0.8673878205128205","","","","0.7954727564102564","0.7954727564102564","0.7954727564102564","","","","0.7872596153846154","0.7872596153846154","0.7872596153846154"
"41","","","","0.8092948717948718","0.8092948717948718","0.8092948717948718","","","","1","1","1","","","","0.8673878205128205","0.8673878205128205","0.8673878205128205","","","","0.7696314102564102","0.7696314102564102","0.7696314102564102","","","","0.7800480769230769","0.7800480769230769","0.7800480769230769"
"42","","","","0.8092948717948718","0.8092948717948718","0.8092948717948718","","","","1","1","1","","","","0.8673878205128205","0.8673878205128205","0.8673878205128205","","","","0.7822516025641025","0.7822516025641025","0.7822516025641025","","","","0.7788461538461539","0.7788461538461539","0.7788461538461539"
"43","","","","0.8092948717948718","0.8092948717948718","0.8092948717948718","","","","1","1","1","","","","0.8673878205128205","0.8673878205128205","0.8673878205128205","","","","0.7834535256410257","0.7834535256410257","0.7834535256410257","","","","0.7800480769230769","0.7800480769230769","0.7800480769230769"
"44","","","","0.8092948717948718","0.8092948717948718","0.8092948717948718","","","","1","1","1","","","","0.8659855769230769","0.8659855769230769","0.8659855769230769","","","","0.7864583333333334","0.7864583333333334","0.7864583333333334","","","","0.7800480769230769","0.7800480769230769","0.7800480769230769"
"46","","","","0.8092948717948718","0.8092948717948718","0.8092948717948718","","","","1","1","1","","","","0.8647836538461539","0.8647836538461539","0.8647836538461539","","","","0.782051282051282","0.782051282051282","0.782051282051282","","","","0.7788461538461539","0.7788461538461539","0.7788461538461539"
"47","","","","0.8092948717948718","0.8092948717948718","0.8092948717948718","","","","1","1","1","","","","0.8649839743589743","0.8649839743589743","0.8649839743589743","","","","0.7880608974358975","0.7880608974358975","0.7880608974358975","","","","0.7800480769230769","0.7800480769230769","0.7800480769230769"
"48","","","","0.8092948717948718","0.8092948717948718","0.8092948717948718","","","","1","1","1","","","","0.8659855769230769","0.8659855769230769","0.8659855769230769","","","","0.7880608974358975","0.7880608974358975","0.7880608974358975","","","","0.7800480769230769","0.7800480769230769","0.7800480769230769"
"49","","","","0.8092948717948718","0.8092948717948718","0.8092948717948718","","","","1","1","1","","","","0.8645833333333334","0.8645833333333334","0.8645833333333334","","","","0.7682291666666666","0.7682291666666666","0.7682291666666666","","","","0.7800480769230769","0.7800480769230769","0.7800480769230769"
"51","","","","0.8092948717948718","0.8092948717948718","0.8092948717948718","","","","1","1","1","","","","0.8645833333333334","0.8645833333333334","0.8645833333333334","","","","0.7706330128205128","0.7706330128205128","0.7706330128205128","","","","0.7800480769230769","0.7800480769230769","0.7800480769230769"
"52","","","","0.8092948717948718","0.8092948717948718","0.8092948717948718","","","","1","1","1","","","","0.8659855769230769","0.8659855769230769","0.8659855769230769","","","","0.7682291666666666","0.7682291666666666","0.7682291666666666","","","","0.7800480769230769","0.7800480769230769","0.7800480769230769"
"53","","","","0.8092948717948718","0.8092948717948718","0.8092948717948718","","","","1","1","1","","","","0.8659855769230769","0.8659855769230769","0.8659855769230769","","","","0.7754407051282052","0.7754407051282052","0.7754407051282052","","","","0.78125","0.78125","0.78125"
"54","","","","0.8092948717948718","0.8092948717948718","0.8092948717948718","","","","1","1","1","","","","0.8645833333333334","0.8645833333333334","0.8645833333333334","","","","0.7638221153846154","0.7638221153846154","0.7638221153846154","","","","0.7800480769230769","0.7800480769230769","0.7800480769230769"
"56","","","","0.8092948717948718","0.8092948717948718","0.8092948717948718","","","","1","1","1","","","","0.8645833333333334","0.8645833333333334","0.8645833333333334","","","","0.7674278846153846","0.7674278846153846","0.7674278846153846","","","","0.7920673076923077","0.7920673076923077","0.7920673076923077"
"57","","","","0.8092948717948718","0.8092948717948718","0.8092948717948718","","","","1","1","1","","","","0.8659855769230769","0.8659855769230769","0.8659855769230769","","","","0.7672275641025641","0.7672275641025641","0.7672275641025641","","","","0.7920673076923077","0.7920673076923077","0.7920673076923077"
"58","","","","0.8092948717948718","0.8092948717948718","0.8092948717948718","","","","1","1","1","","","","0.8633814102564102","0.8633814102564102","0.8633814102564102","","","","0.7668269230769231","0.7668269230769231","0.7668269230769231","","","","0.7800480769230769","0.7800480769230769","0.7800480769230769"
"59","","","","0.8092948717948718","0.8092948717948718","0.8092948717948718","","","","1","1","1","","","","0.8645833333333334","0.8645833333333334","0.8645833333333334","","","","0.7680288461538461","0.7680288461538461","0.7680288461538461","","","","0.7920673076923077","0.7920673076923077","0.7920673076923077"
"61","","","","0.8092948717948718","0.8092948717948718","0.8092948717948718","","","","1","1","1","","","","0.8647836538461539","0.8647836538461539","0.8647836538461539","","","","0.7680288461538461","0.7680288461538461","0.7680288461538461","","","","0.7920673076923077","0.7920673076923077","0.7920673076923077"
"62","","","","0.8092948717948718","0.8092948717948718","0.8092948717948718","","","","1","1","1","","","","0.8647836538461539","0.8647836538461539","0.8647836538461539","","","","0.772636217948718","0.772636217948718","0.772636217948718","","","","0.7920673076923077","0.7920673076923077","0.7920673076923077"
"63","","","","0.8092948717948718","0.8092948717948718","0.8092948717948718","","","","1","1","1","","","","0.8647836538461539","0.8647836538461539","0.8647836538461539","","","","0.7724358974358975","0.7724358974358975","0.7724358974358975","","","","0.7920673076923077","0.7920673076923077","0.7920673076923077"
"64","","","","0.8092948717948718","0.8092948717948718","0.8092948717948718","","","","1","1","1","","","","0.8647836538461539","0.8647836538461539","0.8647836538461539","","","","0.772636217948718","0.772636217948718","0.772636217948718","","","","0.7932692307692307","0.7932692307692307","0.7932692307692307"
"66","","","","0.8092948717948718","0.8092948717948718","0.8092948717948718","","","","1","1","1","","","","0.8635817307692307","0.8635817307692307","0.8635817307692307","","","","0.7712339743589743","0.7712339743589743","0.7712339743589743","","","","0.7920673076923077","0.7920673076923077","0.7920673076923077"
"67","","","","0.8092948717948718","0.8092948717948718","0.8092948717948718","","","","1","1","1","","","","0.8635817307692307","0.8635817307692307","0.8635817307692307","","","","0.7736378205128205","0.7736378205128205","0.7736378205128205","","","","0.7920673076923077","0.7920673076923077","0.7920673076923077"
"68","","","","0.8092948717948718","0.8092948717948718","0.8092948717948718","","","","1","1","1","","","","0.8635817307692307","0.8635817307692307","0.8635817307692307","","","","0.7736378205128205","0.7736378205128205","0.7736378205128205","","","","0.7920673076923077","0.7920673076923077","0.7920673076923077"
"69","","","","0.8092948717948718","0.8092948717948718","0.8092948717948718","","","","1","1","1","","","","0.8647836538461539","0.8647836538461539","0.8647836538461539","","","","0.7736378205128205","0.7736378205128205","0.7736378205128205","","","","0.7800480769230769","0.7800480769230769","0.7800480769230769"
"71","","","","0.8092948717948718","0.8092948717948718","0.8092948717948718","","","","1","1","1","","","","0.8633814102564102","0.8633814102564102","0.8633814102564102","","","","0.7736378205128205","0.7736378205128205","0.7736378205128205","","","","0.7800480769230769","0.7800480769230769","0.7800480769230769"
"72","","","","0.8092948717948718","0.8092948717948718","0.8092948717948718","","","","1","1","1","","","","0.8633814102564102","0.8633814102564102","0.8633814102564102","","","","0.7736378205128205","0.7736378205128205","0.7736378205128205","","","","0.7800480769230769","0.7800480769230769","0.7800480769230769"
"73","","","","0.8092948717948718","0.8092948717948718","0.8092948717948718","","","","1","1","1","","","","0.8621794871794872","0.8621794871794872","0.8621794871794872","","","","0.7736378205128205","0.7736378205128205","0.7736378205128205","","","","0.7800480769230769","0.7800480769230769","0.7800480769230769"
"74","","","","0.8092948717948718","0.8092948717948718","0.8092948717948718","","","","1","1","1","","","","0.8633814102564102","0.8633814102564102","0.8633814102564102","","","","0.7736378205128205","0.7736378205128205","0.7736378205128205","","","","0.78125","0.78125","0.78125"
"76","","","","0.8092948717948718","0.8092948717948718","0.8092948717948718","","","","1","1","1","","","","0.8635817307692307","0.8635817307692307","0.8635817307692307","","","","0.7736378205128205","0.7736378205128205","0.7736378205128205","","","","0.7800480769230769","0.7800480769230769","0.7800480769230769"
"77","","","","0.8092948717948718","0.8092948717948718","0.8092948717948718","","","","1","1","1","","","","0.8621794871794872","0.8621794871794872","0.8621794871794872","","","","0.772636217948718","0.772636217948718","0.772636217948718","","","","0.7800480769230769","0.7800480769230769","0.7800480769230769"
"78","","","","0.8092948717948718","0.8092948717948718","0.8092948717948718","","","","1","1","1","","","","0.8635817307692307","0.8635817307692307","0.8635817307692307","","","","0.7748397435897436","0.7748397435897436","0.7748397435897436","","","","0.7800480769230769","0.7800480769230769","0.7800480769230769"
"79","","","","0.8092948717948718","0.8092948717948718","0.8092948717948718","","","","1","1","1","","","","0.8637820512820513","0.8637820512820513","0.8637820512820513","","","","0.7706330128205128","0.7706330128205128","0.7706330128205128","","","","0.7800480769230769","0.7800480769230769","0.7800480769230769"
"81","","","","0.8092948717948718","0.8092948717948718","0.8092948717948718","","","","1","1","1","","","","0.8623798076923077","0.8623798076923077","0.8623798076923077","","","","0.7678285256410257","0.7678285256410257","0.7678285256410257","","","","0.7800480769230769","0.7800480769230769","0.7800480769230769"
"82","","","","0.8092948717948718","0.8092948717948718","0.8092948717948718","","","","1","1","1","","","","0.8635817307692307","0.8635817307692307","0.8635817307692307","","","","0.7680288461538461","0.7680288461538461","0.7680288461538461","","","","0.7800480769230769","0.7800480769230769","0.7800480769230769"
"83","","","","0.8092948717948718","0.8092948717948718","0.8092948717948718","","","","1","1","1","","","","0.8635817307692307","0.8635817307692307","0.8635817307692307","","","","0.7678285256410257","0.7678285256410257","0.7678285256410257","","","","0.7800480769230769","0.7800480769230769","0.7800480769230769"
"84","","","","0.8092948717948718","0.8092948717948718","0.8092948717948718","","","","1","1","1","","","","0.8635817307692307","0.8635817307692307","0.8635817307692307","","","","0.7680288461538461","0.7680288461538461","0.7680288461538461","","","","0.7800480769230769","0.7800480769230769","0.7800480769230769"
"86","","","","0.8092948717948718","0.8092948717948718","0.8092948717948718","","","","1","1","1","","","","0.8609775641025641","0.8609775641025641","0.8609775641025641","","","","0.7680288461538461","0.7680288461538461","0.7680288461538461","","","","0.78125","0.78125","0.78125"
"87","","","","0.8092948717948718","0.8092948717948718","0.8092948717948718","","","","1","1","1","","","","0.8635817307692307","0.8635817307692307","0.8635817307692307","","","","0.7680288461538461","0.7680288461538461","0.7680288461538461","","","","0.78125","0.78125","0.78125"
"88","","","","0.8092948717948718","0.8092948717948718","0.8092948717948718","","","","1","1","1","","","","0.8623798076923077","0.8623798076923077","0.8623798076923077","","","","0.7680288461538461","0.7680288461538461","0.7680288461538461","","","","0.7800480769230769","0.7800480769230769","0.7800480769230769"
"89","","","","0.8092948717948718","0.8092948717948718","0.8092948717948718","","","","1","1","1","","","","0.8609775641025641","0.8609775641025641","0.8609775641025641","","","","0.7680288461538461","0.7680288461538461","0.7680288461538461","","","","0.7800480769230769","0.7800480769230769","0.7800480769230769"
"91","","","","0.8092948717948718","0.8092948717948718","0.8092948717948718","","","","1","1","1","","","","0.8623798076923077","0.8623798076923077","0.8623798076923077","","","","0.7700320512820513","0.7700320512820513","0.7700320512820513","","","","0.7800480769230769","0.7800480769230769","0.7800480769230769"
"92","","","","0.8092948717948718","0.8092948717948718","0.8092948717948718","","","","1","1","1","","","","0.8609775641025641","0.8609775641025641","0.8609775641025641","","","","0.7698317307692307","0.7698317307692307","0.7698317307692307","","","","0.7800480769230769","0.7800480769230769","0.7800480769230769"
"93","","","","0.8092948717948718","0.8092948717948718","0.8092948717948718","","","","1","1","1","","","","0.8621794871794872","0.8621794871794872","0.8621794871794872","","","","0.7698317307692307","0.7698317307692307","0.7698317307692307","","","","0.7800480769230769","0.7800480769230769","0.7800480769230769"
"94","","","","0.8092948717948718","0.8092948717948718","0.8092948717948718","","","","1","1","1","","","","0.8649839743589743","0.8649839743589743","0.8649839743589743","","","","0.7698317307692307","0.7698317307692307","0.7698317307692307","","","","0.7800480769230769","0.7800480769230769","0.7800480769230769"
"96","","","","0.8092948717948718","0.8092948717948718","0.8092948717948718","","","","1","1","1","","","","0.8623798076923077","0.8623798076923077","0.8623798076923077","","","","0.7670272435897436","0.7670272435897436","0.7670272435897436","","","","0.7800480769230769","0.7800480769230769","0.7800480769230769"
"97","","","","0.8092948717948718","0.8092948717948718","0.8092948717948718","","","","1","1","1","","","","0.8635817307692307","0.8635817307692307","0.8635817307692307","","","","0.7672275641025641","0.7672275641025641","0.7672275641025641","","","","0.7800480769230769","0.7800480769230769","0.7800480769230769"
"98","","","","0.8092948717948718","0.8092948717948718","0.8092948717948718","","","","1","1","1","","","","0.8635817307692307","0.8635817307692307","0.8635817307692307","","","","0.7700320512820513","0.7700320512820513","0.7700320512820513","","","","0.7800480769230769","0.7800480769230769","0.7800480769230769"
"99","","","","0.8092948717948718","0.8092948717948718","0.8092948717948718","","","","1","1","1","","","","0.8635817307692307","0.8635817307692307","0.8635817307692307","","","","0.7672275641025641","0.7672275641025641","0.7672275641025641","","","","0.7800480769230769","0.7800480769230769","0.7800480769230769"
"101","","","","0.8092948717948718","0.8092948717948718","0.8092948717948718","","","","1","1","1","","","","0.8623798076923077","0.8623798076923077","0.8623798076923077","","","","0.7700320512820513","0.7700320512820513","0.7700320512820513","","","","0.7800480769230769","0.7800480769230769","0.7800480769230769"
"102","","","","0.8092948717948718","0.8092948717948718","0.8092948717948718","","","","1","1","1","","","","0.8623798076923077","0.8623798076923077","0.8623798076923077","","","","0.7700320512820513","0.7700320512820513","0.7700320512820513","","","","0.7800480769230769","0.7800480769230769","0.7800480769230769"
"103","","","","0.8092948717948718","0.8092948717948718","0.8092948717948718","","","","1","1","1","","","","0.8623798076923077","0.8623798076923077","0.8623798076923077","","","","0.7700320512820513","0.7700320512820513","0.7700320512820513","","","","0.7800480769230769","0.7800480769230769","0.7800480769230769"
"104","","","","0.8153044871794872","0.8153044871794872","0.8153044871794872","","","","1","1","1","","","","0.8635817307692307","0.8635817307692307","0.8635817307692307","","","","0.7712339743589743","0.7712339743589743","0.7712339743589743","","","","0.7800480769230769","0.7800480769230769","0.7800480769230769"
"106","","","","0.8092948717948718","0.8092948717948718","0.8092948717948718","","","","1","1","1","","","","0.8637820512820513","0.8637820512820513","0.8637820512820513","","","","0.7712339743589743","0.7712339743589743","0.7712339743589743","","","","0.7800480769230769","0.7800480769230769","0.7800480769230769"
"107","","","","0.8092948717948718","0.8092948717948718","0.8092948717948718","","","","1","1","1","","","","0.8635817307692307","0.8635817307692307","0.8635817307692307","","","","0.7712339743589743","0.7712339743589743","0.7712339743589743","","","","0.7800480769230769","0.7800480769230769","0.7800480769230769"
"108","","","","0.8092948717948718","0.8092948717948718","0.8092948717948718","","","","1","1","1","","","","0.8635817307692307","0.8635817307692307","0.8635817307692307","","","","0.7672275641025641","0.7672275641025641","0.7672275641025641","","","","0.7800480769230769","0.7800480769230769","0.7800480769230769"
"109","","","","0.8092948717948718","0.8092948717948718","0.8092948717948718","","","","1","1","1","","","","0.8635817307692307","0.8635817307692307","0.8635817307692307","","","","0.7712339743589743","0.7712339743589743","0.7712339743589743","","","","0.7800480769230769","0.7800480769230769","0.7800480769230769"
"111","","","","0.8092948717948718","0.8092948717948718","0.8092948717948718","","","","1","1","1","","","","0.866386217948718","0.866386217948718","0.866386217948718","","","","0.7712339743589743","0.7712339743589743","0.7712339743589743","","","","0.7800480769230769","0.7800480769230769","0.7800480769230769"
"112","","","","0.8092948717948718","0.8092948717948718","0.8092948717948718","","","","1","1","1","","","","0.866386217948718","0.866386217948718","0.866386217948718","","","","0.7732371794871795","0.7732371794871795","0.7732371794871795","","","","0.7920673076923077","0.7920673076923077","0.7920673076923077"
"113","","","","0.8092948717948718","0.8092948717948718","0.8092948717948718","","","","1","1","1","","","","0.8623798076923077","0.8623798076923077","0.8623798076923077","","","","0.7732371794871795","0.7732371794871795","0.7732371794871795","","","","0.7800480769230769","0.7800480769230769","0.7800480769230769"
"114","","","","0.8092948717948718","0.8092948717948718","0.8092948717948718","","","","1","1","1","","","","0.866386217948718","0.866386217948718","0.866386217948718","","","","0.7730368589743589","0.7730368589743589","0.7730368589743589","","","","0.7920673076923077","0.7920673076923077","0.7920673076923077"
"116","","","","0.8092948717948718","0.8092948717948718","0.8092948717948718","","","","1","1","1","","","","0.8635817307692307","0.8635817307692307","0.8635817307692307","","","","0.7730368589743589","0.7730368589743589","0.7730368589743589","","","","0.7800480769230769","0.7800480769230769","0.7800480769230769"
"117","","","","0.8092948717948718","0.8092948717948718","0.8092948717948718","","","","1","1","1","","","","0.8635817307692307","0.8635817307692307","0.8635817307692307","","","","0.7730368589743589","0.7730368589743589","0.7730368589743589","","","","0.7800480769230769","0.7800480769230769","0.7800480769230769"
"118","","","","0.8092948717948718","0.8092948717948718","0.8092948717948718","","","","1","1","1","","","","0.866386217948718","0.866386217948718","0.866386217948718","","","","0.7730368589743589","0.7730368589743589","0.7730368589743589","","","","0.7800480769230769","0.7800480769230769","0.7800480769230769"
"119","","","","0.8092948717948718","0.8092948717948718","0.8092948717948718","","","","1","1","1","","","","0.8649839743589743","0.8649839743589743","0.8649839743589743","","","","0.7738381410256411","0.7738381410256411","0.7738381410256411","","","","0.78125","0.78125","0.78125"
"121","","","","0.8092948717948718","0.8092948717948718","0.8092948717948718","","","","1","1","1","","","","0.866386217948718","0.866386217948718","0.866386217948718","","","","0.7740384615384616","0.7740384615384616","0.7740384615384616","","","","0.7800480769230769","0.7800480769230769","0.7800480769230769"
"122","","","","0.8092948717948718","0.8092948717948718","0.8092948717948718","","","","1","1","1","","","","0.866386217948718","0.866386217948718","0.866386217948718","","","","0.7740384615384616","0.7740384615384616","0.7740384615384616","","","","0.7800480769230769","0.7800480769230769","0.7800480769230769"
"123","","","","0.8092948717948718","0.8092948717948718","0.8092948717948718","","","","1","1","1","","","","0.8677884615384616","0.8677884615384616","0.8677884615384616","","","","0.7740384615384616","0.7740384615384616","0.7740384615384616","","","","0.7800480769230769","0.7800480769230769","0.7800480769230769"
"124","","","","0.8153044871794872","0.8153044871794872","0.8153044871794872","","","","1","1","1","","","","0.8649839743589743","0.8649839743589743","0.8649839743589743","","","","0.7740384615384616","0.7740384615384616","0.7740384615384616","","","","0.7800480769230769","0.7800480769230769","0.7800480769230769"
"126","","","","0.8092948717948718","0.8092948717948718","0.8092948717948718","","","","1","1","1","","","","0.866386217948718","0.866386217948718","0.866386217948718","","","","0.7740384615384616","0.7740384615384616","0.7740384615384616","","","","0.7800480769230769","0.7800480769230769","0.7800480769230769"
"127","","","","0.8092948717948718","0.8092948717948718","0.8092948717948718","","","","1","1","1","","","","0.866386217948718","0.866386217948718","0.866386217948718","","","","0.7740384615384616","0.7740384615384616","0.7740384615384616","","","","0.7800480769230769","0.7800480769230769","0.7800480769230769"
"128","","","","0.8092948717948718","0.8092948717948718","0.8092948717948718","","","","1","1","1","","","","0.8639823717948718","0.8639823717948718","0.8639823717948718","","","","0.7740384615384616","0.7740384615384616","0.7740384615384616","","","","0.7800480769230769","0.7800480769230769","0.7800480769230769"
"129","","","","0.8092948717948718","0.8092948717948718","0.8092948717948718","","","","1","1","1","","","","0.8637820512820513","0.8637820512820513","0.8637820512820513","","","","0.7740384615384616","0.7740384615384616","0.7740384615384616","","","","0.7800480769230769","0.7800480769230769","0.7800480769230769"
"131","","","","0.8153044871794872","0.8153044871794872","0.8153044871794872","","","","1","1","1","","","","0.8651842948717948","0.8651842948717948","0.8651842948717948","","","","0.7740384615384616","0.7740384615384616","0.7740384615384616","","","","0.7800480769230769","0.7800480769230769","0.7800480769230769"
"132","","","","0.8092948717948718","0.8092948717948718","0.8092948717948718","","","","1","1","1","","","","0.866386217948718","0.866386217948718","0.866386217948718","","","","0.7740384615384616","0.7740384615384616","0.7740384615384616","","","","0.7800480769230769","0.7800480769230769","0.7800480769230769"
"133","","","","0.8092948717948718","0.8092948717948718","0.8092948717948718","","","","1","1","1","","","","0.866386217948718","0.866386217948718","0.866386217948718","","","","0.7740384615384616","0.7740384615384616","0.7740384615384616","","","","0.7800480769230769","0.7800480769230769","0.7800480769230769"
"134","","","","0.8153044871794872","0.8153044871794872","0.8153044871794872","","","","1","1","1","","","","0.8649839743589743","0.8649839743589743","0.8649839743589743","","","","0.7740384615384616","0.7740384615384616","0.7740384615384616","","","","0.7800480769230769","0.7800480769230769","0.7800480769230769"
"136","","","","0.8153044871794872","0.8153044871794872","0.8153044871794872","","","","1","1","1","","","","0.866386217948718","0.866386217948718","0.866386217948718","","","","0.7740384615384616","0.7740384615384616","0.7740384615384616","","","","0.7800480769230769","0.7800480769230769","0.7800480769230769"
"137","","","","0.8153044871794872","0.8153044871794872","0.8153044871794872","","","","1","1","1","","","","0.8651842948717948","0.8651842948717948","0.8651842948717948","","","","0.7748397435897436","0.7748397435897436","0.7748397435897436","","","","0.7800480769230769","0.7800480769230769","0.7800480769230769"
"138","","","","0.8153044871794872","0.8153044871794872","0.8153044871794872","","","","1","1","1","","","","0.8639823717948718","0.8639823717948718","0.8639823717948718","","","","0.7748397435897436","0.7748397435897436","0.7748397435897436","","","","0.7800480769230769","0.7800480769230769","0.7800480769230769"
"139","","","","0.8153044871794872","0.8153044871794872","0.8153044871794872","","","","1","1","1","","","","0.8625801282051282","0.8625801282051282","0.8625801282051282","","","","0.7874599358974359","0.7874599358974359","0.7874599358974359","","","","0.7800480769230769","0.7800480769230769","0.7800480769230769"
"141","","","","0.8153044871794872","0.8153044871794872","0.8153044871794872","","","","1","1","1","","","","0.8637820512820513","0.8637820512820513","0.8637820512820513","","","","0.7850560897435898","0.7850560897435898","0.7850560897435898","","","","0.78125","0.78125","0.78125"
"142","","","","0.8153044871794872","0.8153044871794872","0.8153044871794872","","","","1","1","1","","","","0.8637820512820513","0.8637820512820513","0.8637820512820513","","","","0.7724358974358975","0.7724358974358975","0.7724358974358975","","","","0.7800480769230769","0.7800480769230769","0.7800480769230769"
"143","","","","0.8153044871794872","0.8153044871794872","0.8153044871794872","","","","1","1","1","","","","0.8665865384615384","0.8665865384615384","0.8665865384615384","","","","0.7850560897435898","0.7850560897435898","0.7850560897435898","","","","0.7800480769230769","0.7800480769230769","0.7800480769230769"
"144","","","","0.8153044871794872","0.8153044871794872","0.8153044871794872","","","","1","1","1","","","","0.8667868589743589","0.8667868589743589","0.8667868589743589","","","","0.7850560897435898","0.7850560897435898","0.7850560897435898","","","","0.78125","0.78125","0.78125"
"146","","","","0.8153044871794872","0.8153044871794872","0.8153044871794872","","","","1","1","1","","","","0.8665865384615384","0.8665865384615384","0.8665865384615384","","","","0.7850560897435898","0.7850560897435898","0.7850560897435898","","","","0.7800480769230769","0.7800480769230769","0.7800480769230769"
"147","","","","0.8153044871794872","0.8153044871794872","0.8153044871794872","","","","1","1","1","","","","0.8651842948717948","0.8651842948717948","0.8651842948717948","","","","0.7850560897435898","0.7850560897435898","0.7850560897435898","","","","0.7800480769230769","0.7800480769230769","0.7800480769230769"
"148","","","","0.8153044871794872","0.8153044871794872","0.8153044871794872","","","","1","1","1","","","","0.8665865384615384","0.8665865384615384","0.8665865384615384","","","","0.7850560897435898","0.7850560897435898","0.7850560897435898","","","","0.7800480769230769","0.7800480769230769","0.7800480769230769"
"149","","","","0.8153044871794872","0.8153044871794872","0.8153044871794872","","","","1","1","1","","","","0.8651842948717948","0.8651842948717948","0.8651842948717948","","","","0.7850560897435898","0.7850560897435898","0.7850560897435898","","","","0.7800480769230769","0.7800480769230769","0.7800480769230769"
"151","","","","0.8153044871794872","0.8153044871794872","0.8153044871794872","","","","1","1","1","","","","0.8653846153846154","0.8653846153846154","0.8653846153846154","","","","0.7850560897435898","0.7850560897435898","0.7850560897435898","","","","0.7800480769230769","0.7800480769230769","0.7800480769230769"
"152","","","","0.8153044871794872","0.8153044871794872","0.8153044871794872","","","","1","1","1","","","","0.8665865384615384","0.8665865384615384","0.8665865384615384","","","","0.7850560897435898","0.7850560897435898","0.7850560897435898","","","","0.7800480769230769","0.7800480769230769","0.7800480769230769"
"153","","","","0.8153044871794872","0.8153044871794872","0.8153044871794872","","","","1","1","1","","","","0.867988782051282","0.867988782051282","0.867988782051282","","","","0.7850560897435898","0.7850560897435898","0.7850560897435898","","","","0.7800480769230769","0.7800480769230769","0.7800480769230769"
"154","","","","0.8153044871794872","0.8153044871794872","0.8153044871794872","","","","1","1","1","","","","0.8691907051282052","0.8691907051282052","0.8691907051282052","","","","0.7850560897435898","0.7850560897435898","0.7850560897435898","","","","0.7800480769230769","0.7800480769230769","0.7800480769230769"
"156","","","","0.8153044871794872","0.8153044871794872","0.8153044871794872","","","","1","1","1","","","","0.8665865384615384","0.8665865384615384","0.8665865384615384","","","","0.7850560897435898","0.7850560897435898","0.7850560897435898","","","","0.7800480769230769","0.7800480769230769","0.7800480769230769"
"157","","","","0.8153044871794872","0.8153044871794872","0.8153044871794872","","","","1","1","1","","","","0.8677884615384616","0.8677884615384616","0.8677884615384616","","","","0.7838541666666666","0.7838541666666666","0.7838541666666666","","","","0.7800480769230769","0.7800480769230769","0.7800480769230769"
"158","","","","0.8153044871794872","0.8153044871794872","0.8153044871794872","","","","1","1","1","","","","0.8677884615384616","0.8677884615384616","0.8677884615384616","","","","0.7838541666666666","0.7838541666666666","0.7838541666666666","","","","0.7800480769230769","0.7800480769230769","0.7800480769230769"
"159","","","","0.8153044871794872","0.8153044871794872","0.8153044871794872","","","","1","1","1","","","","0.8665865384615384","0.8665865384615384","0.8665865384615384","","","","0.7850560897435898","0.7850560897435898","0.7850560897435898","","","","0.7800480769230769","0.7800480769230769","0.7800480769230769"
"161","","","","0.8153044871794872","0.8153044871794872","0.8153044871794872","","","","1","1","1","","","","0.8665865384615384","0.8665865384615384","0.8665865384615384","","","","0.7852564102564102","0.7852564102564102","0.7852564102564102","","","","0.7800480769230769","0.7800480769230769","0.7800480769230769"
"162","","","","0.8153044871794872","0.8153044871794872","0.8153044871794872","","","","1","1","1","","","","0.867988782051282","0.867988782051282","0.867988782051282","","","","0.7850560897435898","0.7850560897435898","0.7850560897435898","","","","0.7800480769230769","0.7800480769230769","0.7800480769230769"
"163","","","","0.8153044871794872","0.8153044871794872","0.8153044871794872","","","","1","1","1","","","","0.8693910256410257","0.8693910256410257","0.8693910256410257","","","","0.7850560897435898","0.7850560897435898","0.7850560897435898","","","","0.7800480769230769","0.7800480769230769","0.7800480769230769"
"164","","","","0.8153044871794872","0.8153044871794872","0.8153044871794872","","","","1","1","1","","","","0.867988782051282","0.867988782051282","0.867988782051282","","","","0.7850560897435898","0.7850560897435898","0.7850560897435898","","","","0.7800480769230769","0.7800480769230769","0.7800480769230769"
"166","","","","0.8153044871794872","0.8153044871794872","0.8153044871794872","","","","1","1","1","","","","0.8691907051282052","0.8691907051282052","0.8691907051282052","","","","0.7852564102564102","0.7852564102564102","0.7852564102564102","","","","0.7800480769230769","0.7800480769230769","0.7800480769230769"
"167","","","","0.8153044871794872","0.8153044871794872","0.8153044871794872","","","","1","1","1","","","","0.8691907051282052","0.8691907051282052","0.8691907051282052","","","","0.7828525641025641","0.7828525641025641","0.7828525641025641","","","","0.7800480769230769","0.7800480769230769","0.7800480769230769"
"168","","","","0.8153044871794872","0.8153044871794872","0.8153044871794872","","","","1","1","1","","","","0.8691907051282052","0.8691907051282052","0.8691907051282052","","","","0.782051282051282","0.782051282051282","0.782051282051282","","","","0.7800480769230769","0.7800480769230769","0.7800480769230769"
"169","","","","0.8153044871794872","0.8153044871794872","0.8153044871794872","","","","1","1","1","","","","0.8691907051282052","0.8691907051282052","0.8691907051282052","","","","0.782051282051282","0.782051282051282","0.782051282051282","","","","0.7800480769230769","0.7800480769230769","0.7800480769230769"
"171","","","","0.8153044871794872","0.8153044871794872","0.8153044871794872","","","","1","1","1","","","","0.8705929487179487","0.8705929487179487","0.8705929487179487","","","","0.7816506410256411","0.7816506410256411","0.7816506410256411","","","","0.7800480769230769","0.7800480769230769","0.7800480769230769"
"172","","","","0.8153044871794872","0.8153044871794872","0.8153044871794872","","","","1","1","1","","","","0.8691907051282052","0.8691907051282052","0.8691907051282052","","","","0.7700320512820513","0.7700320512820513","0.7700320512820513","","","","0.7800480769230769","0.7800480769230769","0.7800480769230769"
"173","","","","0.8153044871794872","0.8153044871794872","0.8153044871794872","","","","1","1","1","","","","0.867988782051282","0.867988782051282","0.867988782051282","","","","0.7702323717948718","0.7702323717948718","0.7702323717948718","","","","0.7800480769230769","0.7800480769230769","0.7800480769230769"
"174","","","","0.8153044871794872","0.8153044871794872","0.8153044871794872","","","","1","1","1","","","","0.8705929487179487","0.8705929487179487","0.8705929487179487","","","","0.7734375","0.7734375","0.7734375","","","","0.7800480769230769","0.7800480769230769","0.7800480769230769"
"176","","","","0.8153044871794872","0.8153044871794872","0.8153044871794872","","","","1","1","1","","","","0.8693910256410257","0.8693910256410257","0.8693910256410257","","","","0.7734375","0.7734375","0.7734375","","","","0.7800480769230769","0.7800480769230769","0.7800480769230769"
"177","","","","0.8153044871794872","0.8153044871794872","0.8153044871794872","","","","1","1","1","","","","0.8691907051282052","0.8691907051282052","0.8691907051282052","","","","0.7732371794871795","0.7732371794871795","0.7732371794871795","","","","0.7800480769230769","0.7800480769230769","0.7800480769230769"
"178","","","","0.8153044871794872","0.8153044871794872","0.8153044871794872","","","","1","1","1","","","","0.8691907051282052","0.8691907051282052","0.8691907051282052","","","","0.7740384615384616","0.7740384615384616","0.7740384615384616","","","","0.7800480769230769","0.7800480769230769","0.7800480769230769"
"179","","","","0.8153044871794872","0.8153044871794872","0.8153044871794872","","","","1","1","1","","","","0.8703926282051282","0.8703926282051282","0.8703926282051282","","","","0.7704326923076923","0.7704326923076923","0.7704326923076923","","","","0.7800480769230769","0.7800480769230769","0.7800480769230769"
"181","","","","0.8153044871794872","0.8153044871794872","0.8153044871794872","","","","1","1","1","","","","0.8703926282051282","0.8703926282051282","0.8703926282051282","","","","0.7716346153846154","0.7716346153846154","0.7716346153846154","","","","0.7800480769230769","0.7800480769230769","0.7800480769230769"
"182","","","","0.8153044871794872","0.8153044871794872","0.8153044871794872","","","","1","1","1","","","","0.867988782051282","0.867988782051282","0.867988782051282","","","","0.7704326923076923","0.7704326923076923","0.7704326923076923","","","","0.7800480769230769","0.7800480769230769","0.7800480769230769"
"183","","","","0.8153044871794872","0.8153044871794872","0.8153044871794872","","","","1","1","1","","","","0.8691907051282052","0.8691907051282052","0.8691907051282052","","","","0.7704326923076923","0.7704326923076923","0.7704326923076923","","","","0.7800480769230769","0.7800480769230769","0.7800480769230769"
"184","","","","0.8153044871794872","0.8153044871794872","0.8153044871794872","","","","1","1","1","","","","0.8703926282051282","0.8703926282051282","0.8703926282051282","","","","0.7680288461538461","0.7680288461538461","0.7680288461538461","","","","0.7800480769230769","0.7800480769230769","0.7800480769230769"
"186","","","","0.8153044871794872","0.8153044871794872","0.8153044871794872","","","","1","1","1","","","","0.8717948717948718","0.8717948717948718","0.8717948717948718","","","","0.7704326923076923","0.7704326923076923","0.7704326923076923","","","","0.7800480769230769","0.7800480769230769","0.7800480769230769"
"187","","","","0.8153044871794872","0.8153044871794872","0.8153044871794872","","","","1","1","1","","","","0.8717948717948718","0.8717948717948718","0.8717948717948718","","","","0.7676282051282052","0.7676282051282052","0.7676282051282052","","","","0.7800480769230769","0.7800480769230769","0.7800480769230769"
"188","","","","0.8153044871794872","0.8153044871794872","0.8153044871794872","","","","1","1","1","","","","0.8717948717948718","0.8717948717948718","0.8717948717948718","","","","0.7684294871794872","0.7684294871794872","0.7684294871794872","","","","0.7800480769230769","0.7800480769230769","0.7800480769230769"
"189","","","","0.8153044871794872","0.8153044871794872","0.8153044871794872","","","","1","1","1","","","","0.8703926282051282","0.8703926282051282","0.8703926282051282","","","","0.7744391025641025","0.7744391025641025","0.7744391025641025","","","","0.7800480769230769","0.7800480769230769","0.7800480769230769"
"191","","","","0.8153044871794872","0.8153044871794872","0.8153044871794872","","","","1","1","1","","","","0.8719951923076923","0.8719951923076923","0.8719951923076923","","","","0.7890625","0.7890625","0.7890625","","","","0.7800480769230769","0.7800480769230769","0.7800480769230769"
"192","","","","0.8153044871794872","0.8153044871794872","0.8153044871794872","","","","1","1","1","","","","0.8705929487179487","0.8705929487179487","0.8705929487179487","","","","0.7890625","0.7890625","0.7890625","","","","0.7800480769230769","0.7800480769230769","0.7800480769230769"
"193","","","","0.8153044871794872","0.8153044871794872","0.8153044871794872","","","","1","1","1","","","","0.8681891025641025","0.8681891025641025","0.8681891025641025","","","","0.788261217948718","0.788261217948718","0.788261217948718","","","","0.7800480769230769","0.7800480769230769","0.7800480769230769"
"194","","","","0.8153044871794872","0.8153044871794872","0.8153044871794872","","","","1","1","1","","","","0.8703926282051282","0.8703926282051282","0.8703926282051282","","","","0.7838541666666666","0.7838541666666666","0.7838541666666666","","","","0.7800480769230769","0.7800480769230769","0.7800480769230769"
"196","","","","0.8153044871794872","0.8153044871794872","0.8153044871794872","","","","1","1","1","","","","0.8695913461538461","0.8695913461538461","0.8695913461538461","","","","0.7792467948717948","0.7792467948717948","0.7792467948717948","","","","0.7800480769230769","0.7800480769230769","0.7800480769230769"
"197","","","","0.8092948717948718","0.8092948717948718","0.8092948717948718","","","","1","1","1","","","","0.8707932692307693","0.8707932692307693","0.8707932692307693","","","","0.7800480769230769","0.7800480769230769","0.7800480769230769","","","","0.7800480769230769","0.7800480769230769","0.7800480769230769"
"198","","","","0.8153044871794872","0.8153044871794872","0.8153044871794872","","","","1","1","1","","","","0.8719951923076923","0.8719951923076923","0.8719951923076923","","","","0.7768429487179487","0.7768429487179487","0.7768429487179487","","","","0.7800480769230769","0.7800480769230769","0.7800480769230769"
"199","","","","0.8153044871794872","0.8153044871794872","0.8153044871794872","","","","1","1","1","","","","0.8733974358974359","0.8733974358974359","0.8733974358974359","","","","0.7674278846153846","0.7674278846153846","0.7674278846153846","","","","0.7800480769230769","0.7800480769230769","0.7800480769230769"
"201","","","","0.8068910256410257","0.8068910256410257","0.8068910256410257","","","","1","1","1","","","","0.8705929487179487","0.8705929487179487","0.8705929487179487","","","","0.7680288461538461","0.7680288461538461","0.7680288461538461","","","","0.7800480769230769","0.7800480769230769","0.7800480769230769"
"202","","","","0.8068910256410257","0.8068910256410257","0.8068910256410257","","","","1","1","1","","","","0.8733974358974359","0.8733974358974359","0.8733974358974359","","","","0.7684294871794872","0.7684294871794872","0.7684294871794872","","","","0.7800480769230769","0.7800480769230769","0.7800480769230769"
"203","","","","0.8068910256410257","0.8068910256410257","0.8068910256410257","","","","1","1","1","","","","0.8733974358974359","0.8733974358974359","0.8733974358974359","","","","0.7684294871794872","0.7684294871794872","0.7684294871794872","","","","0.7800480769230769","0.7800480769230769","0.7800480769230769"
"204","","","","0.8068910256410257","0.8068910256410257","0.8068910256410257","","","","1","1","1","","","","0.8719951923076923","0.8719951923076923","0.8719951923076923","","","","0.7684294871794872","0.7684294871794872","0.7684294871794872","","","","0.7800480769230769","0.7800480769230769","0.7800480769230769"
"206","","","","0.8068910256410257","0.8068910256410257","0.8068910256410257","","","","1","1","1","","","","0.8705929487179487","0.8705929487179487","0.8705929487179487","","","","0.7684294871794872","0.7684294871794872","0.7684294871794872","","","","0.7800480769230769","0.7800480769230769","0.7800480769230769"
"207","","","","0.8068910256410257","0.8068910256410257","0.8068910256410257","","","","1","1","1","","","","0.8733974358974359","0.8733974358974359","0.8733974358974359","","","","0.7684294871794872","0.7684294871794872","0.7684294871794872","","","","0.7800480769230769","0.7800480769230769","0.7800480769230769"
"208","","","","0.8068910256410257","0.8068910256410257","0.8068910256410257","","","","1","1","1","","","","0.8705929487179487","0.8705929487179487","0.8705929487179487","","","","0.7672275641025641","0.7672275641025641","0.7672275641025641","","","","0.7800480769230769","0.7800480769230769","0.7800480769230769"
"209","","","","0.8068910256410257","0.8068910256410257","0.8068910256410257","","","","1","1","1","","","","0.8733974358974359","0.8733974358974359","0.8733974358974359","","","","0.7684294871794872","0.7684294871794872","0.7684294871794872","","","","0.7800480769230769","0.7800480769230769","0.7800480769230769"
"211","","","","0.8068910256410257","0.8068910256410257","0.8068910256410257","","","","1","1","1","","","","0.8705929487179487","0.8705929487179487","0.8705929487179487","","","","0.7684294871794872","0.7684294871794872","0.7684294871794872","","","","0.7800480769230769","0.7800480769230769","0.7800480769230769"
"212","","","","0.8068910256410257","0.8068910256410257","0.8068910256410257","","","","1","1","1","","","","0.8719951923076923","0.8719951923076923","0.8719951923076923","","","","0.764823717948718","0.764823717948718","0.764823717948718","","","","0.7800480769230769","0.7800480769230769","0.7800480769230769"
"213","","","","0.8068910256410257","0.8068910256410257","0.8068910256410257","","","","1","1","1","","","","0.8711939102564102","0.8711939102564102","0.8711939102564102","","","","0.7660256410256411","0.7660256410256411","0.7660256410256411","","","","0.7800480769230769","0.7800480769230769","0.7800480769230769"
"214","","","","0.8068910256410257","0.8068910256410257","0.8068910256410257","","","","1","1","1","","","","0.8719951923076923","0.8719951923076923","0.8719951923076923","","","","0.7658253205128205","0.7658253205128205","0.7658253205128205","","","","0.7800480769230769","0.7800480769230769","0.7800480769230769"
"216","","","","0.8068910256410257","0.8068910256410257","0.8068910256410257","","","","1","1","1","","","","0.8733974358974359","0.8733974358974359","0.8733974358974359","","","","0.7660256410256411","0.7660256410256411","0.7660256410256411","","","","0.7800480769230769","0.7800480769230769","0.7800480769230769"
"217","","","","0.8068910256410257","0.8068910256410257","0.8068910256410257","","","","1","1","1","","","","0.8725961538461539","0.8725961538461539","0.8725961538461539","","","","0.7604166666666666","0.7604166666666666","0.7604166666666666","","","","0.7800480769230769","0.7800480769230769","0.7800480769230769"
"218","","","","0.8068910256410257","0.8068910256410257","0.8068910256410257","","","","1","1","1","","","","0.8733974358974359","0.8733974358974359","0.8733974358974359","","","","0.764823717948718","0.764823717948718","0.764823717948718","","","","0.7800480769230769","0.7800480769230769","0.7800480769230769"
"219","","","","0.8068910256410257","0.8068910256410257","0.8068910256410257","","","","1","1","1","","","","0.8733974358974359","0.8733974358974359","0.8733974358974359","","","","0.7612179487179487","0.7612179487179487","0.7612179487179487","","","","0.7800480769230769","0.7800480769230769","0.7800480769230769"
"221","","","","0.8068910256410257","0.8068910256410257","0.8068910256410257","","","","1","1","1","","","","0.8725961538461539","0.8725961538461539","0.8725961538461539","","","","0.7666266025641025","0.7666266025641025","0.7666266025641025","","","","0.7800480769230769","0.7800480769230769","0.7800480769230769"
"222","","","","0.8068910256410257","0.8068910256410257","0.8068910256410257","","","","1","1","1","","","","0.8711939102564102","0.8711939102564102","0.8711939102564102","","","","0.7668269230769231","0.7668269230769231","0.7668269230769231","","","","0.7800480769230769","0.7800480769230769","0.7800480769230769"
"223","","","","0.8068910256410257","0.8068910256410257","0.8068910256410257","","","","1","1","1","","","","0.8719951923076923","0.8719951923076923","0.8719951923076923","","","","0.7734375","0.7734375","0.7734375","","","","0.7800480769230769","0.7800480769230769","0.7800480769230769"
"224","","","","0.8068910256410257","0.8068910256410257","0.8068910256410257","","","","1","1","1","","","","0.8725961538461539","0.8725961538461539","0.8725961538461539","","","","0.7746394230769231","0.7746394230769231","0.7746394230769231","","","","0.7800480769230769","0.7800480769230769","0.7800480769230769"
"226","","","","0.8068910256410257","0.8068910256410257","0.8068910256410257","","","","1","1","1","","","","0.8717948717948718","0.8717948717948718","0.8717948717948718","","","","0.7884615384615384","0.7884615384615384","0.7884615384615384","","","","0.7800480769230769","0.7800480769230769","0.7800480769230769"
"227","","","","0.8068910256410257","0.8068910256410257","0.8068910256410257","","","","1","1","1","","","","0.8703926282051282","0.8703926282051282","0.8703926282051282","","","","0.7894631410256411","0.7894631410256411","0.7894631410256411","","","","0.7800480769230769","0.7800480769230769","0.7800480769230769"
"228","","","","0.8068910256410257","0.8068910256410257","0.8068910256410257","","","","1","1","1","","","","0.8725961538461539","0.8725961538461539","0.8725961538461539","","","","0.7844551282051282","0.7844551282051282","0.7844551282051282","","","","0.7800480769230769","0.7800480769230769","0.7800480769230769"
"229","","","","0.8068910256410257","0.8068910256410257","0.8068910256410257","","","","1","1","1","","","","0.8725961538461539","0.8725961538461539","0.8725961538461539","","","","0.7846554487179487","0.7846554487179487","0.7846554487179487","","","","0.78125","0.78125","0.78125"
"231","","","","0.8068910256410257","0.8068910256410257","0.8068910256410257","","","","1","1","1","","","","0.8725961538461539","0.8725961538461539","0.8725961538461539","","","","0.7890625","0.7890625","0.7890625","","","","0.7800480769230769","0.7800480769230769","0.7800480769230769"
"232","","","","0.8068910256410257","0.8068910256410257","0.8068910256410257","","","","1","1","1","","","","0.8697916666666666","0.8697916666666666","0.8697916666666666","","","","0.7890625","0.7890625","0.7890625","","","","0.7800480769230769","0.7800480769230769","0.7800480769230769"
"233","","","","0.8068910256410257","0.8068910256410257","0.8068910256410257","","","","1","1","1","","","","0.8725961538461539","0.8725961538461539","0.8725961538461539","","","","0.7740384615384616","0.7740384615384616","0.7740384615384616","","","","0.7800480769230769","0.7800480769230769","0.7800480769230769"
"234","","","","0.8068910256410257","0.8068910256410257","0.8068910256410257","","","","1","1","1","","","","0.8725961538461539","0.8725961538461539","0.8725961538461539","","","","0.7866586538461539","0.7866586538461539","0.7866586538461539","","","","0.78125","0.78125","0.78125"
"236","","","","0.8068910256410257","0.8068910256410257","0.8068910256410257","","","","1","1","1","","","","0.8711939102564102","0.8711939102564102","0.8711939102564102","","","","0.7890625","0.7890625","0.7890625","","","","0.7800480769230769","0.7800480769230769","0.7800480769230769"
"237","","","","0.8008814102564102","0.8008814102564102","0.8008814102564102","","","","1","1","1","","","","0.8717948717948718","0.8717948717948718","0.8717948717948718","","","","0.7822516025641025","0.7822516025641025","0.7822516025641025","","","","0.78125","0.78125","0.78125"
"238","","","","0.8068910256410257","0.8068910256410257","0.8068910256410257","","","","1","1","1","","","","0.8691907051282052","0.8691907051282052","0.8691907051282052","","","","0.7866586538461539","0.7866586538461539","0.7866586538461539","","","","0.7800480769230769","0.7800480769230769","0.7800480769230769"
"239","","","","0.8068910256410257","0.8068910256410257","0.8068910256410257","","","","1","1","1","","","","0.8703926282051282","0.8703926282051282","0.8703926282051282","","","","0.7740384615384616","0.7740384615384616","0.7740384615384616","","","","0.78125","0.78125","0.78125"
"241","","","","0.8068910256410257","0.8068910256410257","0.8068910256410257","","","","1","1","1","","","","0.8711939102564102","0.8711939102564102","0.8711939102564102","","","","0.7866586538461539","0.7866586538461539","0.7866586538461539","","","","0.78125","0.78125","0.78125"
"242","","","","0.8068910256410257","0.8068910256410257","0.8068910256410257","","","","1","1","1","","","","0.8725961538461539","0.8725961538461539","0.8725961538461539","","","","0.7866586538461539","0.7866586538461539","0.7866586538461539","","","","0.78125","0.78125","0.78125"
"243","","","","0.8068910256410257","0.8068910256410257","0.8068910256410257","","","","1","1","1","","","","0.8711939102564102","0.8711939102564102","0.8711939102564102","","","","0.7866586538461539","0.7866586538461539","0.7866586538461539","","","","0.78125","0.78125","0.78125"
"244","","","","0.8068910256410257","0.8068910256410257","0.8068910256410257","","","","1","1","1","","","","0.8711939102564102","0.8711939102564102","0.8711939102564102","","","","0.7866586538461539","0.7866586538461539","0.7866586538461539","","","","0.7800480769230769","0.7800480769230769","0.7800480769230769"
"246","","","","0.8068910256410257","0.8068910256410257","0.8068910256410257","","","","1","1","1","","","","0.8711939102564102","0.8711939102564102","0.8711939102564102","","","","0.7866586538461539","0.7866586538461539","0.7866586538461539","","","","0.78125","0.78125","0.78125"
"247","","","","0.8068910256410257","0.8068910256410257","0.8068910256410257","","","","1","1","1","","","","0.8725961538461539","0.8725961538461539","0.8725961538461539","","","","0.7740384615384616","0.7740384615384616","0.7740384615384616","","","","0.78125","0.78125","0.78125"
"248","","","","0.8068910256410257","0.8068910256410257","0.8068910256410257","","","","1","1","1","","","","0.8711939102564102","0.8711939102564102","0.8711939102564102","","","","0.7740384615384616","0.7740384615384616","0.7740384615384616","","","","0.78125","0.78125","0.78125"
"249","","","","0.8068910256410257","0.8068910256410257","0.8068910256410257","","","","1","1","1","","","","0.8711939102564102","0.8711939102564102","0.8711939102564102","","","","0.7866586538461539","0.7866586538461539","0.7866586538461539","","","","0.78125","0.78125","0.78125"