step,train_loss,tok_s,mem_mb,gpu_alloc_mb,gpu_reserved_mb,gpu_alloc_max_mb,gpu_reserved_max_mb,cpu_rss_mb,psutil_rss_mb,psutil_vms_mb,psutil_shared_mb,psutil_text_mb,psutil_data_mb,psutil_uss_mb,psutil_pss_mb,psutil_swap_mb,psutil_ram_used_mb,psutil_ram_total_mb,val_loss,val_ppl,attn_elems,attn_ratio,attn_reduction,flops_attn_est,flops_total_est,flops_ratio,flops_reduction_pct,attn_lq,attn_lk_per_layer,head_entropy,group_change_rate,avg_window,group_overlap,head_reassign_rate,group_lifespan_ema,head_groups,shadow_win_idx,shadow_logit_mean,group_heads,group_ratios,resolution_mean,resolution_std,resolution_min_frac,resolution_max_frac,resolution_collapse_min,resolution_collapse_max,resolution_delta,branch_usage_freq,attn_ratio_std_ema,flops_ratio_std_ema,lk_mean,lk_p90,w_mean,w_min,w_max,control_time_ms,attn_time_ms,mask_time_ms,overhead_time_ms,step_time_ms,eval_time_s
50,59.832390,8402.02,9156.73,9156.73,25086.00,23469.92,25086.00,4467.32,1965.92,41953.30,439.43,2.22,4397.81,854.14,1225.12,0.00,2954.62,56958.48,,,,,,309237645312.00,5875515260928.00,1.000000,0.0000,,,,,,,,,,,,,,,,,,,,,,0.00,0.00,,,,,,,,,,256.57,
100,80.286514,8545.78,9156.73,9156.73,25086.00,23469.92,25086.00,4467.32,1968.34,41953.30,441.56,2.22,4397.82,857.66,1228.21,0.00,2960.66,56958.48,,,,,,309237645312.00,5875515260928.00,1.000000,0.0000,,,,,,,,,,,,,,,,,,,,,,0.00,0.00,,,,,,,,,,257.72,
150,46.830654,8531.67,9156.73,9156.73,25086.00,23469.92,25086.00,4467.32,1969.38,41953.30,442.57,2.22,4397.82,858.86,1229.34,0.00,2960.55,56958.48,,,,,,309237645312.00,5875515260928.00,1.000000,0.0000,,,,,,,,,,,,,,,,,,,,,,0.00,0.00,,,,,,,,,,258.73,
200,28.814674,8520.29,9156.73,9156.73,25086.00,23469.92,25086.00,4467.32,1969.38,41953.30,442.57,2.22,4397.82,859.54,1229.79,0.00,2960.20,56958.48,,,,,,309237645312.00,5875515260928.00,1.000000,0.0000,,,,,,,,,,,,,,,,,,,,,,0.00,0.00,,,,,,,,,,258.07,
250,25.420486,8512.42,9156.73,9156.73,25086.00,23469.92,25086.00,4467.32,1969.38,41953.30,442.57,2.22,4397.82,859.73,1229.94,0.00,2954.36,56958.48,,,,,,309237645312.00,5875515260928.00,1.000000,0.0000,,,,,,,,,,,,,,,,,,,,,,0.00,0.00,,,,,,,,,,257.84,
300,19.286079,8507.55,9156.73,9156.73,25086.00,23469.92,25086.00,4467.32,1969.39,41953.30,442.57,2.22,4397.82,859.84,1230.01,0.00,2953.02,56958.48,,,,,,309237645312.00,5875515260928.00,1.000000,0.0000,,,,,,,,,,,,,,,,,,,,,,0.00,0.00,,,,,,,,,,258.50,
350,16.654848,8506.47,9156.73,9156.73,25086.00,23469.92,25086.00,4467.32,1969.42,41953.30,442.57,2.22,4397.82,859.96,1230.10,0.00,2952.61,56958.48,,,,,,309237645312.00,5875515260928.00,1.000000,0.0000,,,,,,,,,,,,,,,,,,,,,,0.00,0.00,,,,,,,,,,258.02,
400,14.654881,8510.94,9156.73,9156.73,25086.00,23469.92,25086.00,4467.32,1969.43,41953.30,442.57,2.22,4397.82,860.03,1230.15,0.00,2952.62,56958.48,,,,,,309237645312.00,5875515260928.00,1.000000,0.0000,,,,,,,,,,,,,,,,,,,,,,0.00,0.00,,,,,,,,,,258.66,
450,16.523489,8509.87,9156.73,9156.73,25086.00,23469.92,25086.00,4467.32,1969.45,41953.30,442.57,2.22,4397.82,860.09,1230.20,0.00,2953.68,56958.48,,,,,,309237645312.00,5875515260928.00,1.000000,0.0000,,,,,,,,,,,,,,,,,,,,,,0.00,0.00,,,,,,,,,,258.64,
500,15.527050,8507.57,9156.73,9156.73,25086.00,23469.92,25086.00,4467.32,1969.46,41953.30,442.57,2.22,4397.82,860.14,1230.22,0.00,2954.65,56958.48,,,,,,309237645312.00,5875515260928.00,1.000000,0.0000,,,,,,,,,,,,,,,,,,,,,,0.00,0.00,,,,,,,,,,259.08,
500,,,,,,,,,,,,,,,,,,,13.646788,844743.0336,,,,,,,,,,,,,,,,,,,,,,,,,,,,,,,,,,,,,,,,,6.71
550,15.040986,6654.73,9156.73,9156.73,25086.00,23469.92,25086.00,4467.32,1969.51,42017.30,442.57,2.22,4397.95,860.70,1230.60,0.00,2952.15,56958.48,,,,,,309237645312.00,5875515260928.00,1.000000,0.0000,,,,,,,,,,,,,,,,,,,,,,0.00,0.00,,,,,,,,,,258.11,6.71
600,12.096855,8505.20,9156.73,9156.73,25086.00,23469.92,25086.00,4467.32,1969.57,42017.30,442.56,2.22,4397.95,375.15,906.94,0.00,2495.12,56958.48,,,,,,309237645312.00,5875515260928.00,1.000000,0.0000,,,,,,,,,,,,,,,,,,,,,,0.00,0.00,,,,,,,,,,258.90,6.71
650,11.077134,8507.30,9156.73,9156.73,25086.00,23469.92,25086.00,4467.32,1969.58,42017.30,442.56,2.22,4397.95,379.70,909.98,0.00,2505.09,56958.48,,,,,,309237645312.00,5875515260928.00,1.000000,0.0000,,,,,,,,,,,,,,,,,,,,,,0.00,0.00,,,,,,,,,,258.70,6.71
700,10.352062,8510.24,9156.73,9156.73,25086.00,23469.92,25086.00,4467.32,1969.58,42017.30,442.56,2.22,4397.95,380.56,910.56,0.00,2508.73,56958.48,,,,,,309237645312.00,5875515260928.00,1.000000,0.0000,,,,,,,,,,,,,,,,,,,,,,0.00,0.00,,,,,,,,,,258.97,6.71
750,10.782013,8508.63,9156.73,9156.73,25086.00,23469.92,25086.00,4467.32,1969.58,42017.30,442.56,2.22,4397.95,380.97,910.83,0.00,2509.15,56958.48,,,,,,309237645312.00,5875515260928.00,1.000000,0.0000,,,,,,,,,,,,,,,,,,,,,,0.00,0.00,,,,,,,,,,258.23,6.71
800,10.760373,8500.55,9156.73,9156.73,25086.00,23469.92,25086.00,4467.32,1969.60,42017.30,442.56,2.22,4397.95,381.23,911.01,0.00,2508.28,56958.48,,,,,,309237645312.00,5875515260928.00,1.000000,0.0000,,,,,,,,,,,,,,,,,,,,,,0.00,0.00,,,,,,,,,,257.89,6.71
850,10.101312,8506.95,9156.73,9156.73,25086.00,23469.92,25086.00,4467.32,1969.60,42017.30,442.56,2.22,4397.95,381.36,911.09,0.00,2505.58,56958.48,,,,,,309237645312.00,5875515260928.00,1.000000,0.0000,,,,,,,,,,,,,,,,,,,,,,0.00,0.00,,,,,,,,,,259.05,6.71
900,9.560032,8502.42,9156.73,9156.73,25086.00,23469.92,25086.00,4467.32,1969.62,42017.30,442.56,2.22,4397.95,381.43,911.13,0.00,2504.70,56958.48,,,,,,309237645312.00,5875515260928.00,1.000000,0.0000,,,,,,,,,,,,,,,,,,,,,,0.00,0.00,,,,,,,,,,258.50,6.71
950,10.339276,8501.43,9156.73,9156.73,25086.00,23469.92,25086.00,4467.32,1969.62,42017.30,442.56,2.22,4397.95,381.51,911.19,0.00,2508.48,56958.48,,,,,,309237645312.00,5875515260928.00,1.000000,0.0000,,,,,,,,,,,,,,,,,,,,,,0.00,0.00,,,,,,,,,,258.63,6.71
1000,9.145899,8502.13,9156.73,9156.73,25086.00,23469.92,25086.00,4467.32,1969.62,42017.30,442.56,2.22,4397.95,381.56,911.22,0.00,2509.79,56958.48,,,,,,309237645312.00,5875515260928.00,1.000000,0.0000,,,,,,,,,,,,,,,,,,,,,,0.00,0.00,,,,,,,,,,259.02,6.71
1000,,,,,,,,,,,,,,,,,,,8.084281,3243.0862,,,,,,,,,,,,,,,,,,,,,,,,,,,,,,,,,,,,,,,,,6.77
1050,9.245111,6640.21,9156.73,9156.73,25086.00,23469.92,25086.00,4467.32,1969.63,42018.30,442.56,2.22,4398.95,382.19,911.62,0.00,2509.73,56958.48,,,,,,309237645312.00,5875515260928.00,1.000000,0.0000,,,,,,,,,,,,,,,,,,,,,,0.00,0.00,,,,,,,,,,258.65,6.77
1100,9.125124,8502.60,9156.73,9156.73,25086.00,23469.92,25086.00,4467.32,1969.63,42018.30,442.56,2.22,4398.95,382.23,911.66,0.00,2513.63,56958.48,,,,,,309237645312.00,5875515260928.00,1.000000,0.0000,,,,,,,,,,,,,,,,,,,,,,0.00,0.00,,,,,,,,,,259.35,6.77
1150,9.196461,8502.58,9156.73,9156.73,25086.00,23469.92,25086.00,4467.32,1969.63,42018.30,442.56,2.22,4398.95,382.26,911.67,0.00,2511.08,56958.48,,,,,,309237645312.00,5875515260928.00,1.000000,0.0000,,,,,,,,,,,,,,,,,,,,,,0.00,0.00,,,,,,,,,,258.85,6.77
1200,10.105932,8504.39,9156.73,9156.73,25086.00,23469.92,25086.00,4467.32,1969.66,42018.30,442.56,2.22,4398.95,376.98,908.18,0.00,2500.51,56958.48,,,,,,309237645312.00,5875515260928.00,1.000000,0.0000,,,,,,,,,,,,,,,,,,,,,,0.00,0.00,,,,,,,,,,258.31,6.77
1250,11.886894,8501.45,9156.73,9156.73,25086.00,23469.92,25086.00,4467.32,1969.66,42018.30,442.56,2.22,4398.95,380.00,910.20,0.00,2503.90,56958.48,,,,,,309237645312.00,5875515260928.00,1.000000,0.0000,,,,,,,,,,,,,,,,,,,,,,0.00,0.00,,,,,,,,,,257.78,6.77
1300,9.497702,8505.98,9156.73,9156.73,25086.00,23469.92,25086.00,4467.32,1969.66,42018.30,442.56,2.22,4398.95,380.73,910.69,0.00,2504.93,56958.48,,,,,,309237645312.00,5875515260928.00,1.000000,0.0000,,,,,,,,,,,,,,,,,,,,,,0.00,0.00,,,,,,,,,,258.90,6.77
1350,9.311682,8500.16,9156.73,9156.73,25086.00,23469.92,25086.00,4467.32,1969.66,42018.30,442.56,2.22,4398.95,381.05,910.90,0.00,2504.78,56958.48,,,,,,309237645312.00,5875515260928.00,1.000000,0.0000,,,,,,,,,,,,,,,,,,,,,,0.00,0.00,,,,,,,,,,258.68,6.77
1400,9.701209,8501.89,9156.73,9156.73,25086.00,23469.92,25086.00,4467.32,1969.66,42018.30,442.56,2.22,4398.95,381.23,911.02,0.00,2505.59,56958.48,,,,,,309237645312.00,5875515260928.00,1.000000,0.0000,,,,,,,,,,,,,,,,,,,,,,0.00,0.00,,,,,,,,,,258.45,6.77
1450,8.521931,8505.85,9156.73,9156.73,25086.00,23469.92,25086.00,4467.32,1969.67,42018.30,442.56,2.22,4398.95,381.38,911.12,0.00,2505.98,56958.48,,,,,,309237645312.00,5875515260928.00,1.000000,0.0000,,,,,,,,,,,,,,,,,,,,,,0.00,0.00,,,,,,,,,,258.74,6.77
1500,8.515252,8509.73,9156.73,9156.73,25086.00,23469.92,25086.00,4467.32,1969.67,42018.30,442.56,2.22,4398.95,381.50,911.20,0.00,2507.26,56958.48,,,,,,309237645312.00,5875515260928.00,1.000000,0.0000,,,,,,,,,,,,,,,,,,,,,,0.00,0.00,,,,,,,,,,258.05,6.77
1500,,,,,,,,,,,,,,,,,,,7.306279,1489.6236,,,,,,,,,,,,,,,,,,,,,,,,,,,,,,,,,,,,,,,,,6.72
1550,8.557649,6648.95,9156.73,9156.73,25086.00,23469.92,25086.00,4467.32,1969.67,42018.30,442.56,2.22,4398.95,382.14,911.61,0.00,2509.17,56958.48,,,,,,309237645312.00,5875515260928.00,1.000000,0.0000,,,,,,,,,,,,,,,,,,,,,,0.00,0.00,,,,,,,,,,258.50,6.72
1600,8.180257,8506.48,9156.73,9156.73,25086.00,23469.92,25086.00,4467.32,1969.67,42018.30,442.56,2.22,4398.95,382.20,911.65,0.00,2509.05,56958.48,,,,,,309237645312.00,5875515260928.00,1.000000,0.0000,,,,,,,,,,,,,,,,,,,,,,0.00,0.00,,,,,,,,,,258.60,6.72
1650,8.403366,8506.43,9156.73,9156.73,25086.00,23469.92,25086.00,4467.32,1969.68,42018.30,442.56,2.22,4398.95,382.24,911.68,0.00,2508.79,56958.48,,,,,,309237645312.00,5875515260928.00,1.000000,0.0000,,,,,,,,,,,,,,,,,,,,,,0.00,0.00,,,,,,,,,,258.89,6.72
1700,8.372324,8502.80,9156.73,9156.73,25086.00,23469.92,25086.00,4467.32,1969.68,42018.30,442.56,2.22,4398.95,382.27,911.70,0.00,2510.92,56958.48,,,,,,309237645312.00,5875515260928.00,1.000000,0.0000,,,,,,,,,,,,,,,,,,,,,,0.00,0.00,,,,,,,,,,258.72,6.72
1750,8.249189,8504.42,9156.73,9156.73,25086.00,23469.92,25086.00,4467.32,1969.68,42018.30,442.56,2.22,4398.95,382.29,911.71,0.00,2512.48,56958.48,,,,,,309237645312.00,5875515260928.00,1.000000,0.0000,,,,,,,,,,,,,,,,,,,,,,0.00,0.00,,,,,,,,,,258.07,6.72
1800,8.353870,8504.67,9156.73,9156.73,25086.00,23469.92,25086.00,4467.32,1969.69,42018.30,442.56,2.22,4398.95,377.76,908.71,0.00,2507.54,56958.48,,,,,,309237645312.00,5875515260928.00,1.000000,0.0000,,,,,,,,,,,,,,,,,,,,,,0.00,0.00,,,,,,,,,,259.11,6.72
1850,8.198347,8506.25,9156.73,9156.73,25086.00,23469.92,25086.00,4467.32,1969.71,42018.30,442.56,2.22,4398.95,380.11,910.28,0.00,2509.54,56958.48,,,,,,309237645312.00,5875515260928.00,1.000000,0.0000,,,,,,,,,,,,,,,,,,,,,,0.00,0.00,,,,,,,,,,258.73,6.72
1900,8.011047,8499.14,9156.73,9156.73,25086.00,23469.92,25086.00,4467.32,1969.71,42018.30,442.56,2.22,4398.95,380.73,910.70,0.00,2511.16,56958.48,,,,,,309237645312.00,5875515260928.00,1.000000,0.0000,,,,,,,,,,,,,,,,,,,,,,0.00,0.00,,,,,,,,,,258.82,6.72
1950,8.264326,8500.15,9156.73,9156.73,25086.00,23469.92,25086.00,4467.32,1969.71,42018.30,442.56,2.22,4398.95,381.09,910.94,0.00,2512.84,56958.48,,,,,,309237645312.00,5875515260928.00,1.000000,0.0000,,,,,,,,,,,,,,,,,,,,,,0.00,0.00,,,,,,,,,,258.95,6.72
2000,8.607893,8502.76,9156.73,9156.73,25086.00,23469.92,25086.00,4467.32,1969.71,42018.30,442.56,2.22,4398.95,381.24,911.04,0.00,2513.93,56958.48,,,,,,309237645312.00,5875515260928.00,1.000000,0.0000,,,,,,,,,,,,,,,,,,,,,,0.00,0.00,,,,,,,,,,259.02,6.72
2000,,,,,,,,,,,,,,,,,,,7.051554,1154.6515,,,,,,,,,,,,,,,,,,,,,,,,,,,,,,,,,,,,,,,,,6.76
2050,8.302855,6637.23,9156.73,9156.73,25086.00,23469.92,25086.00,4467.32,1969.72,42018.30,442.56,2.22,4398.95,381.92,911.48,0.00,2511.18,56958.48,,,,,,309237645312.00,5875515260928.00,1.000000,0.0000,,,,,,,,,,,,,,,,,,,,,,0.00,0.00,,,,,,,,,,259.45,6.76
2100,8.504729,8501.81,9156.73,9156.73,25086.00,23469.92,25086.00,4467.32,1969.72,42018.30,442.56,2.22,4398.95,382.01,911.54,0.00,2512.12,56958.48,,,,,,309237645312.00,5875515260928.00,1.000000,0.0000,,,,,,,,,,,,,,,,,,,,,,0.00,0.00,,,,,,,,,,258.81,6.76
2150,8.095173,8505.33,9156.73,9156.73,25086.00,23469.92,25086.00,4467.32,1969.72,42018.30,442.56,2.22,4398.95,382.07,911.58,0.00,2512.29,56958.48,,,,,,309237645312.00,5875515260928.00,1.000000,0.0000,,,,,,,,,,,,,,,,,,,,,,0.00,0.00,,,,,,,,,,258.91,6.76
2200,7.839803,8501.96,9156.73,9156.73,25086.00,23469.92,25086.00,4467.32,1969.72,42018.30,442.56,2.22,4398.95,382.09,911.59,0.00,2513.82,56958.48,,,,,,309237645312.00,5875515260928.00,1.000000,0.0000,,,,,,,,,,,,,,,,,,,,,,0.00,0.00,,,,,,,,,,259.35,6.76
2250,7.957899,8504.53,9156.73,9156.73,25086.00,23469.92,25086.00,4467.32,1969.72,42018.30,442.56,2.22,4398.95,382.14,911.62,0.00,2514.27,56958.48,,,,,,309237645312.00,5875515260928.00,1.000000,0.0000,,,,,,,,,,,,,,,,,,,,,,0.00,0.00,,,,,,,,,,259.15,6.76
2300,7.905828,8503.91,9156.73,9156.73,25086.00,23469.92,25086.00,4467.32,1969.72,42018.30,442.56,2.22,4398.95,382.17,911.64,0.00,2511.41,56958.48,,,,,,309237645312.00,5875515260928.00,1.000000,0.0000,,,,,,,,,,,,,,,,,,,,,,0.00,0.00,,,,,,,,,,259.79,6.76
2350,7.932734,8492.52,9156.73,9156.73,25086.00,23469.92,25086.00,4467.32,1969.72,42018.30,442.56,2.22,4398.95,382.17,911.64,0.00,2514.17,56958.48,,,,,,309237645312.00,5875515260928.00,1.000000,0.0000,,,,,,,,,,,,,,,,,,,,,,0.00,0.00,,,,,,,,,,259.09,6.76
2400,7.831123,8501.14,9156.73,9156.73,25086.00,23469.92,25086.00,4467.32,1969.72,42018.30,442.56,2.22,4398.95,378.30,909.08,0.00,2499.42,56958.48,,,,,,309237645312.00,5875515260928.00,1.000000,0.0000,,,,,,,,,,,,,,,,,,,,,,0.00,0.00,,,,,,,,,,258.70,6.76
2450,8.022857,8498.78,9156.73,9156.73,25086.00,23469.92,25086.00,4467.32,1969.72,42018.30,442.56,2.22,4398.95,380.23,910.37,0.00,2501.44,56958.48,,,,,,309237645312.00,5875515260928.00,1.000000,0.0000,,,,,,,,,,,,,,,,,,,,,,0.00,0.00,,,,,,,,,,258.36,6.76
2500,7.873866,8506.32,9156.73,9156.73,25086.00,23469.92,25086.00,4467.32,1969.72,42018.30,442.56,2.22,4398.95,380.75,910.72,0.00,2503.00,56958.48,,,,,,309237645312.00,5875515260928.00,1.000000,0.0000,,,,,,,,,,,,,,,,,,,,,,0.00,0.00,,,,,,,,,,258.23,6.76
2500,,,,,,,,,,,,,,,,,,,7.003452,1100.4256,,,,,,,,,,,,,,,,,,,,,,,,,,,,,,,,,,,,,,,,,6.75
2550,7.958389,6640.31,9156.73,9156.73,25086.00,23469.92,25086.00,4467.32,1969.72,42018.30,442.56,2.22,4398.95,381.57,911.25,0.00,2495.64,56958.48,,,,,,309237645312.00,5875515260928.00,1.000000,0.0000,,,,,,,,,,,,,,,,,,,,,,0.00,0.00,,,,,,,,,,259.24,6.75
2600,8.004175,8502.71,9156.73,9156.73,25086.00,23469.92,25086.00,4467.32,1969.72,42018.30,442.56,2.22,4398.95,381.75,911.38,0.00,2496.72,56958.48,,,,,,309237645312.00,5875515260928.00,1.000000,0.0000,,,,,,,,,,,,,,,,,,,,,,0.00,0.00,,,,,,,,,,258.28,6.75
2650,7.796696,8502.55,9156.73,9156.73,25086.00,23469.92,25086.00,4467.32,1969.72,42018.30,442.56,2.22,4398.95,381.84,911.43,0.00,2499.30,56958.48,,,,,,309237645312.00,5875515260928.00,1.000000,0.0000,,,,,,,,,,,,,,,,,,,,,,0.00,0.00,,,,,,,,,,258.29,6.75
2700,7.903084,8499.35,9156.73,9156.73,25086.00,23469.92,25086.00,4467.32,1969.72,42018.30,442.56,2.22,4398.95,381.93,911.49,0.00,2499.34,56958.48,,,,,,309237645312.00,5875515260928.00,1.000000,0.0000,,,,,,,,,,,,,,,,,,,,,,0.00,0.00,,,,,,,,,,258.46,6.75
2750,10.405766,8503.79,9156.73,9156.73,25086.00,23469.92,25086.00,4467.32,1969.72,42018.30,442.56,2.22,4398.95,382.00,911.53,0.00,2497.88,56958.48,,,,,,309237645312.00,5875515260928.00,1.000000,0.0000,,,,,,,,,,,,,,,,,,,,,,0.00,0.00,,,,,,,,,,258.26,6.75
2800,8.659153,8502.18,9156.73,9156.73,25086.00,23469.92,25086.00,4467.32,1969.72,42018.30,442.56,2.22,4398.95,382.04,911.56,0.00,2500.15,56958.48,,,,,,309237645312.00,5875515260928.00,1.000000,0.0000,,,,,,,,,,,,,,,,,,,,,,0.00,0.00,,,,,,,,,,258.48,6.75
2850,8.602348,8505.17,9156.73,9156.73,25086.00,23469.92,25086.00,4467.32,1969.72,42018.30,442.56,2.22,4398.95,382.08,911.59,0.00,2500.46,56958.48,,,,,,309237645312.00,5875515260928.00,1.000000,0.0000,,,,,,,,,,,,,,,,,,,,,,0.00,0.00,,,,,,,,,,258.74,6.75
2900,7.665771,8503.53,9156.73,9156.73,25086.00,23469.92,25086.00,4467.32,1969.72,42018.30,442.56,2.22,4398.95,382.09,911.59,0.00,2500.28,56958.48,,,,,,309237645312.00,5875515260928.00,1.000000,0.0000,,,,,,,,,,,,,,,,,,,,,,0.00,0.00,,,,,,,,,,258.20,6.75
2950,7.837990,8503.88,9156.73,9156.73,25086.00,23469.92,25086.00,4467.32,1969.72,42018.30,442.56,2.22,4398.95,382.11,911.60,0.00,2501.49,56958.48,,,,,,309237645312.00,5875515260928.00,1.000000,0.0000,,,,,,,,,,,,,,,,,,,,,,0.00,0.00,,,,,,,,,,258.72,6.75
3000,7.691742,8502.29,9156.73,9156.73,25086.00,23469.92,25086.00,4467.32,1969.72,42018.30,442.56,2.22,4398.95,378.65,909.32,0.00,2492.08,56958.48,,,,,,309237645312.00,5875515260928.00,1.000000,0.0000,,,,,,,,,,,,,,,,,,,,,,0.00,0.00,,,,,,,,,,258.93,6.75
3000,,,,,,,,,,,,,,,,,,,6.874411,967.2060,,,,,,,,,,,,,,,,,,,,,,,,,,,,,,,,,,,,,,,,,6.76
3050,7.523426,6640.30,9156.73,9156.73,25086.00,23469.92,25086.00,4467.32,1969.72,42018.30,442.56,2.22,4398.95,380.90,910.81,0.00,2489.28,56958.48,,,,,,309237645312.00,5875515260928.00,1.000000,0.0000,,,,,,,,,,,,,,,,,,,,,,0.00,0.00,,,,,,,,,,258.63,6.76
3100,7.500723,8502.04,9156.73,9156.73,25086.00,23469.92,25086.00,4467.32,1969.72,42018.30,442.56,2.22,4398.95,381.40,911.14,0.00,2494.82,56958.48,,,,,,309237645312.00,5875515260928.00,1.000000,0.0000,,,,,,,,,,,,,,,,,,,,,,0.00,0.00,,,,,,,,,,258.79,6.76
3150,7.678995,8505.48,9156.73,9156.73,25086.00,23469.92,25086.00,4467.32,1969.72,42018.30,442.56,2.22,4398.95,381.68,911.33,0.00,2496.25,56958.48,,,,,,309237645312.00,5875515260928.00,1.000000,0.0000,,,,,,,,,,,,,,,,,,,,,,0.00,0.00,,,,,,,,,,258.23,6.76
3200,7.774054,8502.50,9156.73,9156.73,25086.00,23469.92,25086.00,4467.32,1969.72,42018.30,442.56,2.22,4398.95,381.84,911.44,0.00,2496.57,56958.48,,,,,,309237645312.00,5875515260928.00,1.000000,0.0000,,,,,,,,,,,,,,,,,,,,,,0.00,0.00,,,,,,,,,,258.36,6.76
3250,7.727215,8503.36,9156.73,9156.73,25086.00,23469.92,25086.00,4467.32,1969.72,42018.30,442.56,2.22,4398.95,381.95,911.51,0.00,2497.35,56958.48,,,,,,309237645312.00,5875515260928.00,1.000000,0.0000,,,,,,,,,,,,,,,,,,,,,,0.00,0.00,,,,,,,,,,258.97,6.76
3300,7.673531,8501.62,9156.73,9156.73,25086.00,23469.92,25086.00,4467.32,1969.72,42018.30,442.56,2.22,4398.95,382.02,911.55,0.00,2493.59,56958.48,,,,,,309237645312.00,5875515260928.00,1.000000,0.0000,,,,,,,,,,,,,,,,,,,,,,0.00,0.00,,,,,,,,,,258.93,6.76
3350,7.506076,8500.15,9156.73,9156.73,25086.00,23469.92,25086.00,4467.32,1969.72,42018.30,442.56,2.22,4398.95,382.05,911.58,0.00,2490.22,56958.48,,,,,,309237645312.00,5875515260928.00,1.000000,0.0000,,,,,,,,,,,,,,,,,,,,,,0.00,0.00,,,,,,,,,,258.91,6.76
3400,7.328253,8504.10,9156.73,9156.73,25086.00,23469.92,25086.00,4467.32,1969.72,42018.30,442.56,2.22,4398.95,382.11,911.61,0.00,2492.89,56958.48,,,,,,309237645312.00,5875515260928.00,1.000000,0.0000,,,,,,,,,,,,,,,,,,,,,,0.00,0.00,,,,,,,,,,258.65,6.76
3450,7.685340,8503.10,9156.73,9156.73,25086.00,23469.92,25086.00,4467.32,1969.72,42018.30,442.56,2.22,4398.95,382.13,911.63,0.00,2495.91,56958.48,,,,,,309237645312.00,5875515260928.00,1.000000,0.0000,,,,,,,,,,,,,,,,,,,,,,0.00,0.00,,,,,,,,,,258.63,6.76
3500,7.692804,8501.40,9156.73,9156.73,25086.00,23469.92,25086.00,4467.32,1969.72,42018.30,442.56,2.22,4398.95,382.17,911.65,0.00,2496.86,56958.48,,,,,,309237645312.00,5875515260928.00,1.000000,0.0000,,,,,,,,,,,,,,,,,,,,,,0.00,0.00,,,,,,,,,,258.94,6.76
3500,,,,,,,,,,,,,,,,,,,6.902884,995.1407,,,,,,,,,,,,,,,,,,,,,,,,,,,,,,,,,,,,,,,,,6.70
3550,8.733134,6652.75,9156.73,9156.73,25086.00,23469.92,25086.00,4467.32,1969.72,42018.30,442.56,2.22,4398.95,382.20,911.67,0.00,2501.07,56958.48,,,,,,309237645312.00,5875515260928.00,1.000000,0.0000,,,,,,,,,,,,,,,,,,,,,,0.00,0.00,,,,,,,,,,258.91,6.70
3600,7.500823,8500.28,9156.73,9156.73,25086.00,23469.92,25086.00,4467.32,1969.72,42018.30,442.56,2.22,4398.95,378.96,909.53,0.00,2492.35,56958.48,,,,,,309237645312.00,5875515260928.00,1.000000,0.0000,,,,,,,,,,,,,,,,,,,,,,0.00,0.00,,,,,,,,,,258.15,6.70
3650,7.486354,8502.31,9156.73,9156.73,25086.00,23469.92,25086.00,4467.32,1969.72,42018.30,442.56,2.22,4398.95,380.45,910.53,0.00,2494.79,56958.48,,,,,,309237645312.00,5875515260928.00,1.000000,0.0000,,,,,,,,,,,,,,,,,,,,,,0.00,0.00,,,,,,,,,,258.46,6.70
3700,7.310631,8503.77,9156.73,9156.73,25086.00,23469.92,25086.00,4467.32,1969.72,42018.30,442.56,2.22,4398.95,380.88,910.81,0.00,2494.52,56958.48,,,,,,309237645312.00,5875515260928.00,1.000000,0.0000,,,,,,,,,,,,,,,,,,,,,,0.00,0.00,,,,,,,,,,258.45,6.70
3750,7.502069,8501.85,9156.73,9156.73,25086.00,23469.92,25086.00,4467.32,1969.72,42018.30,442.56,2.22,4398.95,381.14,910.98,0.00,2495.45,56958.48,,,,,,309237645312.00,5875515260928.00,1.000000,0.0000,,,,,,,,,,,,,,,,,,,,,,0.00,0.00,,,,,,,,,,259.17,6.70
3800,7.162478,8501.97,9156.73,9156.73,25086.00,23469.92,25086.00,4467.32,1969.72,42018.30,442.56,2.22,4398.95,381.29,911.08,0.00,2495.63,56958.48,,,,,,309237645312.00,5875515260928.00,1.000000,0.0000,,,,,,,,,,,,,,,,,,,,,,0.00,0.00,,,,,,,,,,258.59,6.70
3850,7.340917,8504.19,9156.73,9156.73,25086.00,23469.92,25086.00,4467.32,1969.72,42018.30,442.56,2.22,4398.95,381.39,911.15,0.00,2495.57,56958.48,,,,,,309237645312.00,5875515260928.00,1.000000,0.0000,,,,,,,,,,,,,,,,,,,,,,0.00,0.00,,,,,,,,,,258.24,6.70
3900,7.420687,8502.23,9156.73,9156.73,25086.00,23469.92,25086.00,4467.32,1969.72,42018.30,442.56,2.22,4398.95,381.46,911.19,0.00,2495.86,56958.48,,,,,,309237645312.00,5875515260928.00,1.000000,0.0000,,,,,,,,,,,,,,,,,,,,,,0.00,0.00,,,,,,,,,,258.56,6.70
3950,7.535379,8498.13,9156.73,9156.73,25086.00,23469.92,25086.00,4467.32,1969.72,42018.30,442.56,2.22,4398.95,381.50,911.22,0.00,2496.90,56958.48,,,,,,309237645312.00,5875515260928.00,1.000000,0.0000,,,,,,,,,,,,,,,,,,,,,,0.00,0.00,,,,,,,,,,259.19,6.70
4000,7.248176,8500.06,9156.73,9156.73,25086.00,23469.92,25086.00,4467.32,1568.05,41978.97,442.56,2.22,4359.62,381.57,777.38,0.00,2499.31,56958.48,,,,,,309237645312.00,5875515260928.00,1.000000,0.0000,,,,,,,,,,,,,,,,,,,,,,0.00,0.00,,,,,,,,,,258.35,6.70
4000,,,,,,,,,,,,,,,,,,,6.689702,804.0829,,,,,,,,,,,,,,,,,,,,,,,,,,,,,,,,,,,,,,,,,6.74
4050,7.061553,6640.77,9156.73,9156.73,25086.00,23469.92,25086.00,4467.32,1568.07,41978.97,442.56,2.22,4359.62,382.13,777.74,0.00,2497.12,56958.48,,,,,,309237645312.00,5875515260928.00,1.000000,0.0000,,,,,,,,,,,,,,,,,,,,,,0.00,0.00,,,,,,,,,,259.24,6.74
4100,7.398412,8503.15,9156.73,9156.73,25086.00,23469.92,25086.00,4467.32,1568.07,41978.97,442.56,2.22,4359.62,382.14,777.75,0.00,2497.45,56958.48,,,,,,309237645312.00,5875515260928.00,1.000000,0.0000,,,,,,,,,,,,,,,,,,,,,,0.00,0.00,,,,,,,,,,258.15,6.74
4150,7.132534,8504.46,9156.73,9156.73,25086.00,23469.92,25086.00,4467.32,1568.07,41978.97,442.56,2.22,4359.62,375.89,773.59,0.00,2080.91,56958.48,,,,,,309237645312.00,5875515260928.00,1.000000,0.0000,,,,,,,,,,,,,,,,,,,,,,0.00,0.00,,,,,,,,,,258.62,6.74
4200,7.408169,8498.43,9156.73,9156.73,25086.00,23469.92,25086.00,4467.32,1568.07,41978.97,442.56,2.22,4359.62,379.57,776.04,0.00,2083.16,56958.48,,,,,,309237645312.00,5875515260928.00,1.000000,0.0000,,,,,,,,,,,,,,,,,,,,,,0.00,0.00,,,,,,,,,,258.76,6.74
4250,7.260762,8500.65,9156.73,9156.73,25086.00,23469.92,25086.00,4467.32,1568.07,41978.97,442.56,2.22,4359.62,380.55,776.70,0.00,2087.25,56958.48,,,,,,309237645312.00,5875515260928.00,1.000000,0.0000,,,,,,,,,,,,,,,,,,,,,,0.00,0.00,,,,,,,,,,259.16,6.74
4300,7.232050,8497.10,9156.73,9156.73,25086.00,23469.92,25086.00,4467.32,1568.07,41978.97,442.56,2.22,4359.62,380.88,776.92,0.00,2086.73,56958.48,,,,,,309237645312.00,5875515260928.00,1.000000,0.0000,,,,,,,,,,,,,,,,,,,,,,0.00,0.00,,,,,,,,,,258.96,6.74
4350,7.210191,8504.00,9156.73,9156.73,25086.00,23469.92,25086.00,4467.32,1568.07,41978.97,442.56,2.22,4359.62,381.06,777.04,0.00,2088.12,56958.48,,,,,,309237645312.00,5875515260928.00,1.000000,0.0000,,,,,,,,,,,,,,,,,,,,,,0.00,0.00,,,,,,,,,,258.61,6.74
4400,7.151494,8496.02,9156.73,9156.73,25086.00,23469.92,25086.00,4467.32,1568.07,41978.97,442.56,2.22,4359.62,381.21,777.15,0.00,2088.69,56958.48,,,,,,309237645312.00,5875515260928.00,1.000000,0.0000,,,,,,,,,,,,,,,,,,,,,,0.00,0.00,,,,,,,,,,259.20,6.74
4450,7.050008,8493.00,9156.73,9156.73,25086.00,23469.92,25086.00,4467.32,1568.07,41978.97,442.56,2.22,4359.62,381.30,777.21,0.00,2087.18,56958.48,,,,,,309237645312.00,5875515260928.00,1.000000,0.0000,,,,,,,,,,,,,,,,,,,,,,0.00,0.00,,,,,,,,,,259.44,6.74
4500,7.208659,8499.64,9156.73,9156.73,25086.00,23469.92,25086.00,4467.32,1568.07,41978.97,442.56,2.22,4359.62,381.37,777.25,0.00,2086.20,56958.48,,,,,,309237645312.00,5875515260928.00,1.000000,0.0000,,,,,,,,,,,,,,,,,,,,,,0.00,0.00,,,,,,,,,,258.58,6.74
4500,,,,,,,,,,,,,,,,,,,6.601555,736.2395,,,,,,,,,,,,,,,,,,,,,,,,,,,,,,,,,,,,,,,,,6.75
4550,7.240056,6638.17,9156.73,9156.73,25086.00,23469.92,25086.00,4467.32,1568.07,41978.97,442.56,2.22,4359.62,381.98,777.64,0.00,2082.36,56958.48,,,,,,309237645312.00,5875515260928.00,1.000000,0.0000,,,,,,,,,,,,,,,,,,,,,,0.00,0.00,,,,,,,,,,258.98,6.75
4600,7.241398,8497.30,9156.73,9156.73,25086.00,23469.92,25086.00,4467.32,1568.07,41978.97,442.56,2.22,4359.62,382.06,777.69,0.00,2084.66,56958.48,,,,,,309237645312.00,5875515260928.00,1.000000,0.0000,,,,,,,,,,,,,,,,,,,,,,0.00,0.00,,,,,,,,,,258.82,6.75
4650,7.045422,8503.06,9156.73,9156.73,25086.00,23469.92,25086.00,4467.32,1568.07,41978.97,442.56,2.22,4359.62,382.09,777.70,0.00,2085.66,56958.48,,,,,,309237645312.00,5875515260928.00,1.000000,0.0000,,,,,,,,,,,,,,,,,,,,,,0.00,0.00,,,,,,,,,,258.58,6.75
4700,7.031998,8496.08,9156.73,9156.73,25086.00,23469.92,25086.00,4467.32,1568.07,41978.97,442.56,2.22,4359.62,382.11,777.71,0.00,2085.36,56958.48,,,,,,309237645312.00,5875515260928.00,1.000000,0.0000,,,,,,,,,,,,,,,,,,,,,,0.00,0.00,,,,,,,,,,258.49,6.75
4750,7.065726,8504.21,9156.73,9156.73,25086.00,23469.92,25086.00,4467.32,1568.07,41978.97,442.56,2.22,4359.62,376.95,774.29,0.00,2076.67,56958.48,,,,,,309237645312.00,5875515260928.00,1.000000,0.0000,,,,,,,,,,,,,,,,,,,,,,0.00,0.00,,,,,,,,,,259.17,6.75
4800,6.878298,8498.92,9156.73,9156.73,25086.00,23469.92,25086.00,4467.32,1568.07,41978.97,442.56,2.22,4359.62,379.87,776.25,0.00,2081.75,56958.48,,,,,,309237645312.00,5875515260928.00,1.000000,0.0000,,,,,,,,,,,,,,,,,,,,,,0.00,0.00,,,,,,,,,,258.73,6.75
4850,6.857690,8500.97,9156.73,9156.73,25086.00,23469.92,25086.00,4467.32,1568.07,41978.97,442.56,2.22,4359.62,380.55,776.71,0.00,2083.66,56958.48,,,,,,309237645312.00,5875515260928.00,1.000000,0.0000,,,,,,,,,,,,,,,,,,,,,,0.00,0.00,,,,,,,,,,258.71,6.75
4900,6.973726,8503.34,9156.73,9156.73,25086.00,23469.92,25086.00,4467.32,1568.07,41978.97,442.56,2.22,4359.62,380.90,776.94,0.00,2083.90,56958.48,,,,,,309237645312.00,5875515260928.00,1.000000,0.0000,,,,,,,,,,,,,,,,,,,,,,0.00,0.00,,,,,,,,,,258.50,6.75
4950,7.000710,8502.40,9156.73,9156.73,25086.00,23469.92,25086.00,4467.32,1568.07,41978.97,442.56,2.22,4359.62,381.11,777.08,0.00,2086.96,56958.48,,,,,,309237645312.00,5875515260928.00,1.000000,0.0000,,,,,,,,,,,,,,,,,,,,,,0.00,0.00,,,,,,,,,,258.81,6.75
5000,6.979041,8506.31,9156.73,9156.73,25086.00,23469.92,25086.00,4467.32,1568.07,41978.97,442.56,2.22,4359.62,381.19,777.14,0.00,2089.41,56958.48,,,,,,309237645312.00,5875515260928.00,1.000000,0.0000,,,,,,,,,,,,,,,,,,,,,,0.00,0.00,,,,,,,,,,258.63,6.75
5000,,,,,,,,,,,,,,,,,,,6.604543,738.4425,,,,,,,,,,,,,,,,,,,,,,,,,,,,,,,,,,,,,,,,,6.72
5050,7.262703,6646.79,9156.73,9156.73,25086.00,23469.92,25086.00,4467.32,1568.07,41978.97,442.56,2.22,4359.62,381.86,777.56,0.00,2083.09,56958.48,,,,,,309237645312.00,5875515260928.00,1.000000,0.0000,,,,,,,,,,,,,,,,,,,,,,0.00,0.00,,,,,,,,,,258.79,6.72
5100,7.046673,8507.27,9156.73,9156.73,25086.00,23469.92,25086.00,4467.32,1568.07,41978.97,442.56,2.22,4359.62,381.93,777.60,0.00,2083.68,56958.48,,,,,,309237645312.00,5875515260928.00,1.000000,0.0000,,,,,,,,,,,,,,,,,,,,,,0.00,0.00,,,,,,,,,,258.47,6.72
5150,7.136911,8506.36,9156.73,9156.73,25086.00,23469.92,25086.00,4467.32,1568.07,41978.97,442.56,2.22,4359.62,381.98,777.64,0.00,2083.95,56958.48,,,,,,309237645312.00,5875515260928.00,1.000000,0.0000,,,,,,,,,,,,,,,,,,,,,,0.00,0.00,,,,,,,,,,258.87,6.72
5200,7.044924,8504.26,9156.73,9156.73,25086.00,23469.92,25086.00,4467.32,1568.07,41978.97,442.56,2.22,4359.62,382.04,777.68,0.00,2086.01,56958.48,,,,,,309237645312.00,5875515260928.00,1.000000,0.0000,,,,,,,,,,,,,,,,,,,,,,0.00,0.00,,,,,,,,,,258.89,6.72
5250,7.062482,8504.29,9156.73,9156.73,25086.00,23469.92,25086.00,4467.32,1568.07,41978.97,442.56,2.22,4359.62,382.07,777.69,0.00,2088.59,56958.48,,,,,,309237645312.00,5875515260928.00,1.000000,0.0000,,,,,,,,,,,,,,,,,,,,,,0.00,0.00,,,,,,,,,,258.29,6.72
5300,6.938663,8501.93,9156.73,9156.73,25086.00,23469.92,25086.00,4467.32,1568.07,41978.97,442.56,2.22,4359.62,382.08,777.70,0.00,2085.77,56958.48,,,,,,309237645312.00,5875515260928.00,1.000000,0.0000,,,,,,,,,,,,,,,,,,,,,,0.00,0.00,,,,,,,,,,258.53,6.72
5350,6.990900,8502.30,9156.73,9156.73,25086.00,23469.92,25086.00,4467.32,1568.07,41978.97,442.56,2.22,4359.62,377.49,774.66,0.00,2071.16,56958.48,,,,,,309237645312.00,5875515260928.00,1.000000,0.0000,,,,,,,,,,,,,,,,,,,,,,0.00,0.00,,,,,,,,,,258.47,6.72
5400,6.883736,8505.57,9156.73,9156.73,25086.00,23469.92,25086.00,4467.32,1568.07,41978.97,442.56,2.22,4359.62,379.98,776.33,0.00,2075.22,56958.48,,,,,,309237645312.00,5875515260928.00,1.000000,0.0000,,,,,,,,,,,,,,,,,,,,,,0.00,0.00,,,,,,,,,,258.52,6.72
5450,7.081747,8504.76,9156.73,9156.73,25086.00,23469.92,25086.00,4467.32,1568.07,41978.97,442.56,2.22,4359.62,380.67,776.78,0.00,2076.30,56958.48,,,,,,309237645312.00,5875515260928.00,1.000000,0.0000,,,,,,,,,,,,,,,,,,,,,,0.00,0.00,,,,,,,,,,258.57,6.72
5500,6.900719,8506.77,9156.73,9156.73,25086.00,23469.92,25086.00,4467.32,1568.07,41978.97,442.56,2.22,4359.62,381.02,777.01,0.00,2079.09,56958.48,,,,,,309237645312.00,5875515260928.00,1.000000,0.0000,,,,,,,,,,,,,,,,,,,,,,0.00,0.00,,,,,,,,,,258.49,6.72
5500,,,,,,,,,,,,,,,,,,,6.466766,643.3997,,,,,,,,,,,,,,,,,,,,,,,,,,,,,,,,,,,,,,,,,6.72
5550,6.813617,6649.59,9156.73,9156.73,25086.00,23469.92,25086.00,4467.32,1568.07,41978.97,442.56,2.22,4359.62,381.75,777.49,0.00,2080.64,56958.48,,,,,,309237645312.00,5875515260928.00,1.000000,0.0000,,,,,,,,,,,,,,,,,,,,,,0.00,0.00,,,,,,,,,,258.37,6.72
5600,6.564874,8506.07,9156.73,9156.73,25086.00,23469.92,25086.00,4467.32,1568.07,41978.97,442.56,2.22,4359.62,381.82,777.53,0.00,2080.61,56958.48,,,,,,309237645312.00,5875515260928.00,1.000000,0.0000,,,,,,,,,,,,,,,,,,,,,,0.00,0.00,,,,,,,,,,258.70,6.72
5650,6.591044,8502.68,9156.73,9156.73,25086.00,23469.92,25086.00,4467.32,1568.07,41978.97,442.56,2.22,4359.62,381.92,777.60,0.00,2080.52,56958.48,,,,,,309237645312.00,5875515260928.00,1.000000,0.0000,,,,,,,,,,,,,,,,,,,,,,0.00,0.00,,,,,,,,,,258.51,6.72
5700,6.255565,8502.14,9156.73,9156.73,25086.00,23469.92,25086.00,4467.32,1568.07,41978.97,442.56,2.22,4359.62,381.96,777.62,0.00,2081.23,56958.48,,,,,,309237645312.00,5875515260928.00,1.000000,0.0000,,,,,,,,,,,,,,,,,,,,,,0.00,0.00,,,,,,,,,,258.43,6.72
5750,6.710453,8503.27,9156.73,9156.73,25086.00,23469.92,25086.00,4467.32,1568.07,41978.97,442.56,2.22,4359.62,381.99,777.64,0.00,2082.50,56958.48,,,,,,309237645312.00,5875515260928.00,1.000000,0.0000,,,,,,,,,,,,,,,,,,,,,,0.00,0.00,,,,,,,,,,258.53,6.72
5800,6.785276,8504.30,9156.73,9156.73,25086.00,23469.92,25086.00,4467.32,1568.07,41978.97,442.56,2.22,4359.62,382.03,777.67,0.00,2082.05,56958.48,,,,,,309237645312.00,5875515260928.00,1.000000,0.0000,,,,,,,,,,,,,,,,,,,,,,0.00,0.00,,,,,,,,,,258.44,6.72
5850,6.813131,8507.17,9156.73,9156.73,25086.00,23469.92,25086.00,4467.32,1568.07,41978.97,442.56,2.22,4359.62,382.07,777.69,0.00,2081.77,56958.48,,,,,,309237645312.00,5875515260928.00,1.000000,0.0000,,,,,,,,,,,,,,,,,,,,,,0.00,0.00,,,,,,,,,,258.98,6.72
5900,6.942636,8507.61,9156.73,9156.73,25086.00,23469.92,25086.00,4467.32,1568.07,41978.97,442.56,2.22,4359.62,382.09,777.70,0.00,2084.52,56958.48,,,,,,309237645312.00,5875515260928.00,1.000000,0.0000,,,,,,,,,,,,,,,,,,,,,,0.00,0.00,,,,,,,,,,258.52,6.72
5950,6.695858,8501.89,9156.73,9156.73,25086.00,23469.92,25086.00,4467.32,1568.07,41978.97,442.56,2.22,4359.62,378.09,775.06,0.00,2074.51,56958.48,,,,,,309237645312.00,5875515260928.00,1.000000,0.0000,,,,,,,,,,,,,,,,,,,,,,0.00,0.00,,,,,,,,,,258.50,6.72
6000,6.383767,8497.41,9156.73,9156.73,25086.00,23469.92,25086.00,4467.32,1568.07,41978.97,442.56,2.22,4359.62,380.17,776.46,0.00,2078.40,56958.48,,,,,,309237645312.00,5875515260928.00,1.000000,0.0000,,,,,,,,,,,,,,,,,,,,,,0.00,0.00,,,,,,,,,,258.93,6.72
6000,,,,,,,,,,,,,,,,,,,6.411841,609.0139,,,,,,,,,,,,,,,,,,,,,,,,,,,,,,,,,,,,,,,,,6.78
6050,6.688828,6625.62,9156.73,9156.73,25086.00,23469.92,25086.00,4467.32,1568.07,41978.97,442.56,2.22,4359.62,381.34,777.21,0.00,2085.49,56958.48,,,,,,309237645312.00,5875515260928.00,1.000000,0.0000,,,,,,,,,,,,,,,,,,,,,,0.00,0.00,,,,,,,,,,261.05,6.78
6100,6.541388,8502.76,9156.73,9156.73,25086.00,23469.92,25086.00,4467.32,1568.07,41978.97,442.56,2.22,4359.62,381.70,777.45,0.00,2085.35,56958.48,,,,,,309237645312.00,5875515260928.00,1.000000,0.0000,,,,,,,,,,,,,,,,,,,,,,0.00,0.00,,,,,,,,,,258.55,6.78
6150,6.567914,8505.71,9156.73,9156.73,25086.00,23469.92,25086.00,4467.32,1568.07,41978.97,442.56,2.22,4359.62,381.89,777.58,0.00,2085.33,56958.48,,,,,,309237645312.00,5875515260928.00,1.000000,0.0000,,,,,,,,,,,,,,,,,,,,,,0.00,0.00,,,,,,,,,,258.40,6.78
6200,6.763197,8502.23,9156.73,9156.73,25086.00,23469.92,25086.00,4467.32,1568.07,41978.97,442.56,2.22,4359.62,381.97,777.63,0.00,2086.20,56958.48,,,,,,309237645312.00,5875515260928.00,1.000000,0.0000,,,,,,,,,,,,,,,,,,,,,,0.00,0.00,,,,,,,,,,258.76,6.78
6250,6.484496,8500.74,9156.73,9156.73,25086.00,23469.92,25086.00,4467.32,1568.07,41978.97,442.56,2.22,4359.62,382.03,777.67,0.00,2087.11,56958.48,,,,,,309237645312.00,5875515260928.00,1.000000,0.0000,,,,,,,,,,,,,,,,,,,,,,0.00,0.00,,,,,,,,,,258.36,6.78
6300,6.493801,8503.23,9156.73,9156.73,25086.00,23469.92,25086.00,4467.32,1568.07,41978.97,442.56,2.22,4359.62,382.07,777.70,0.00,2085.54,56958.48,,,,,,309237645312.00,5875515260928.00,1.000000,0.0000,,,,,,,,,,,,,,,,,,,,,,0.00,0.00,,,,,,,,,,258.67,6.78
6350,6.704173,8502.94,9156.73,9156.73,25086.00,23469.92,25086.00,4467.32,1568.07,41978.97,442.56,2.22,4359.62,382.09,777.72,0.00,2084.97,56958.48,,,,,,309237645312.00,5875515260928.00,1.000000,0.0000,,,,,,,,,,,,,,,,,,,,,,0.00,0.00,,,,,,,,,,258.75,6.78
6400,6.392237,8505.55,9156.73,9156.73,25086.00,23469.92,25086.00,4467.32,1568.07,41978.97,442.56,2.22,4359.62,382.11,777.73,0.00,2089.89,56958.48,,,,,,309237645312.00,5875515260928.00,1.000000,0.0000,,,,,,,,,,,,,,,,,,,,,,0.00,0.00,,,,,,,,,,258.78,6.78
6450,6.562388,8506.43,9156.73,9156.73,25086.00,23469.92,25086.00,4467.32,1568.07,41978.97,442.56,2.22,4359.62,382.13,777.74,0.00,2092.89,56958.48,,,,,,309237645312.00,5875515260928.00,1.000000,0.0000,,,,,,,,,,,,,,,,,,,,,,0.00,0.00,,,,,,,,,,258.56,6.78
6500,6.394229,8503.14,9156.73,9156.73,25086.00,23469.92,25086.00,4467.32,1568.07,41978.97,442.56,2.22,4359.62,382.14,777.75,0.00,2091.32,56958.48,,,,,,309237645312.00,5875515260928.00,1.000000,0.0000,,,,,,,,,,,,,,,,,,,,,,0.00,0.00,,,,,,,,,,259.08,6.78
6500,,,,,,,,,,,,,,,,,,,6.447215,630.9430,,,,,,,,,,,,,,,,,,,,,,,,,,,,,,,,,,,,,,,,,6.71
6550,6.572047,6652.41,9156.73,9156.73,25086.00,23469.92,25086.00,4467.32,1568.07,41978.97,442.56,2.22,4359.62,378.53,775.35,0.00,2077.65,56958.48,,,,,,309237645312.00,5875515260928.00,1.000000,0.0000,,,,,,,,,,,,,,,,,,,,,,0.00,0.00,,,,,,,,,,258.77,6.71
6600,6.457789,8504.88,9156.73,9156.73,25086.00,23469.92,25086.00,4467.32,1568.07,41978.97,442.56,2.22,4359.62,380.24,776.50,0.00,2079.38,56958.48,,,,,,309237645312.00,5875515260928.00,1.000000,0.0000,,,,,,,,,,,,,,,,,,,,,,0.00,0.00,,,,,,,,,,259.19,6.71
6650,6.386485,8504.76,9156.73,9156.73,25086.00,23469.92,25086.00,4467.32,1568.07,41978.97,442.56,2.22,4359.62,380.78,776.86,0.00,2079.54,56958.48,,,,,,309237645312.00,5875515260928.00,1.000000,0.0000,,,,,,,,,,,,,,,,,,,,,,0.00,0.00,,,,,,,,,,258.41,6.71
6700,6.412464,8503.81,9156.73,9156.73,25086.00,23469.92,25086.00,4467.32,1568.07,41978.97,442.56,2.22,4359.62,381.07,777.06,0.00,2079.63,56958.48,,,,,,309237645312.00,5875515260928.00,1.000000,0.0000,,,,,,,,,,,,,,,,,,,,,,0.00,0.00,,,,,,,,,,258.64,6.71
6750,6.549064,8497.91,9156.73,9156.73,25086.00,23469.92,25086.00,4467.32,1568.07,41978.97,442.56,2.22,4359.62,381.24,777.17,0.00,2082.75,56958.48,,,,,,309237645312.00,5875515260928.00,1.000000,0.0000,,,,,,,,,,,,,,,,,,,,,,0.00,0.00,,,,,,,,,,258.66,6.71
6800,6.760064,8497.55,9156.73,9156.73,25086.00,23469.92,25086.00,4467.32,1568.07,41978.97,442.56,2.22,4359.62,381.34,777.24,0.00,2085.02,56958.48,,,,,,309237645312.00,5875515260928.00,1.000000,0.0000,,,,,,,,,,,,,,,,,,,,,,0.00,0.00,,,,,,,,,,258.82,6.71
6850,6.718279,8504.36,9156.73,9156.73,25086.00,23469.92,25086.00,4467.32,1568.07,41978.97,442.56,2.22,4359.62,381.39,777.27,0.00,2088.44,56958.48,,,,,,309237645312.00,5875515260928.00,1.000000,0.0000,,,,,,,,,,,,,,,,,,,,,,0.00,0.00,,,,,,,,,,258.87,6.71
6900,6.548482,8498.57,9156.73,9156.73,25086.00,23469.92,25086.00,4467.32,1568.07,41978.97,442.56,2.22,4359.62,381.42,777.30,0.00,2086.69,56958.48,,,,,,309237645312.00,5875515260928.00,1.000000,0.0000,,,,,,,,,,,,,,,,,,,,,,0.00,0.00,,,,,,,,,,259.00,6.71
6950,6.435105,8501.84,9156.73,9156.73,25086.00,23469.92,25086.00,4467.32,1568.07,41978.97,442.56,2.22,4359.62,381.45,777.31,0.00,2089.85,56958.48,,,,,,309237645312.00,5875515260928.00,1.000000,0.0000,,,,,,,,,,,,,,,,,,,,,,0.00,0.00,,,,,,,,,,258.80,6.71
7000,6.713926,8503.13,9156.73,9156.73,25086.00,23469.92,25086.00,4467.32,1568.07,41978.97,442.56,2.22,4359.62,381.49,777.34,0.00,2090.32,56958.48,,,,,,309237645312.00,5875515260928.00,1.000000,0.0000,,,,,,,,,,,,,,,,,,,,,,0.00,0.00,,,,,,,,,,258.53,6.71
7000,,,,,,,,,,,,,,,,,,,6.328786,560.4756,,,,,,,,,,,,,,,,,,,,,,,,,,,,,,,,,,,,,,,,,6.74
7050,6.159444,6645.29,9156.73,9156.73,25086.00,23469.92,25086.00,4467.32,1568.08,41978.97,442.56,2.22,4359.62,382.07,777.71,0.00,2089.41,56958.48,,,,,,309237645312.00,5875515260928.00,1.000000,0.0000,,,,,,,,,,,,,,,,,,,,,,0.00,0.00,,,,,,,,,,258.74,6.74
7100,6.387402,8499.30,9156.73,9156.73,25086.00,23469.92,25086.00,4467.32,1568.08,41978.97,442.56,2.22,4359.62,382.09,777.72,0.00,2091.53,56958.48,,,,,,309237645312.00,5875515260928.00,1.000000,0.0000,,,,,,,,,,,,,,,,,,,,,,0.00,0.00,,,,,,,,,,258.60,6.74
7150,6.202857,8498.21,9156.73,9156.73,25086.00,23469.92,25086.00,4467.32,1568.08,41978.97,442.56,2.22,4359.62,378.95,775.63,0.00,2083.21,56958.48,,,,,,309237645312.00,5875515260928.00,1.000000,0.0000,,,,,,,,,,,,,,,,,,,,,,0.00,0.00,,,,,,,,,,258.74,6.74
7200,6.387402,8502.75,9156.73,9156.73,25086.00,23469.92,25086.00,4467.32,1568.08,41978.97,442.56,2.22,4359.62,380.48,776.66,0.00,2087.37,56958.48,,,,,,309237645312.00,5875515260928.00,1.000000,0.0000,,,,,,,,,,,,,,,,,,,,,,0.00,0.00,,,,,,,,,,258.99,6.74
7250,6.225764,8500.27,9156.73,9156.73,25086.00,23469.92,25086.00,4467.32,1568.08,41978.97,442.56,2.22,4359.62,380.88,776.92,0.00,2090.00,56958.48,,,,,,309237645312.00,5875515260928.00,1.000000,0.0000,,,,,,,,,,,,,,,,,,,,,,0.00,0.00,,,,,,,,,,259.22,6.74
7300,6.377156,8502.12,9156.73,9156.73,25086.00,23469.92,25086.00,4467.32,1568.08,41978.97,442.56,2.22,4359.62,381.08,777.05,0.00,2090.20,56958.48,,,,,,309237645312.00,5875515260928.00,1.000000,0.0000,,,,,,,,,,,,,,,,,,,,,,0.00,0.00,,,,,,,,,,258.78,6.74
7350,6.365505,8503.31,9156.73,9156.73,25086.00,23469.92,25086.00,4467.32,1568.08,41978.97,442.56,2.22,4359.62,381.24,777.17,0.00,2094.83,56958.48,,,,,,309237645312.00,5875515260928.00,1.000000,0.0000,,,,,,,,,,,,,,,,,,,,,,0.00,0.00,,,,,,,,,,258.99,6.74
7400,6.002830,8502.31,9156.73,9156.73,25086.00,23469.92,25086.00,4467.32,1568.08,41978.97,442.56,2.22,4359.62,381.34,777.23,0.00,2095.79,56958.48,,,,,,309237645312.00,5875515260928.00,1.000000,0.0000,,,,,,,,,,,,,,,,,,,,,,0.00,0.00,,,,,,,,,,258.51,6.74
7450,6.033840,8501.55,9156.73,9156.73,25086.00,23469.92,25086.00,4467.32,1568.08,41978.97,442.56,2.22,4359.62,381.41,777.27,0.00,2095.07,56958.48,,,,,,309237645312.00,5875515260928.00,1.000000,0.0000,,,,,,,,,,,,,,,,,,,,,,0.00,0.00,,,,,,,,,,258.84,6.74
7500,6.419565,8500.74,9156.73,9156.73,25086.00,23469.92,25086.00,4467.32,1568.08,41978.97,442.56,2.22,4359.62,381.47,777.32,0.00,2095.24,56958.48,,,,,,309237645312.00,5875515260928.00,1.000000,0.0000,,,,,,,,,,,,,,,,,,,,,,0.00,0.00,,,,,,,,,,258.48,6.74
7500,,,,,,,,,,,,,,,,,,,6.333644,563.2054,,,,,,,,,,,,,,,,,,,,,,,,,,,,,,,,,,,,,,,,,6.69
7550,6.671556,6654.36,9156.73,9156.73,25086.00,23469.92,25086.00,4467.32,1568.08,41978.97,442.56,2.22,4359.62,382.09,777.71,0.00,2090.75,56958.48,,,,,,309237645312.00,5875515260928.00,1.000000,0.0000,,,,,,,,,,,,,,,,,,,,,,0.00,0.00,,,,,,,,,,258.80,6.69
7600,6.038008,8500.44,9156.73,9156.73,25086.00,23469.92,25086.00,4467.32,1568.08,41978.97,442.56,2.22,4359.62,382.11,777.73,0.00,2092.22,56958.48,,,,,,309237645312.00,5875515260928.00,1.000000,0.0000,,,,,,,,,,,,,,,,,,,,,,0.00,0.00,,,,,,,,,,258.74,6.69
7650,6.314257,8499.82,9156.73,9156.73,25086.00,23469.92,25086.00,4467.32,1568.08,41978.97,442.56,2.22,4359.62,382.13,777.74,0.00,2094.05,56958.48,,,,,,309237645312.00,5875515260928.00,1.000000,0.0000,,,,,,,,,,,,,,,,,,,,,,0.00,0.00,,,,,,,,,,259.03,6.69
7700,6.127605,8502.30,9156.73,9156.73,25086.00,23469.92,25086.00,4467.32,1568.08,41979.04,442.56,2.22,4359.62,374.45,772.63,0.00,2075.97,56958.48,,,,,,309237645312.00,5875515260928.00,1.000000,0.0000,,,,,,,,,,,,,,,,,,,,,,0.00,0.00,,,,,,,,,,259.26,6.69
7750,5.921068,8500.56,9156.73,9156.73,25086.00,23469.92,25086.00,4467.32,1568.08,41978.97,442.56,2.22,4359.62,379.66,776.11,0.00,2083.96,56958.48,,,,,,309237645312.00,5875515260928.00,1.000000,0.0000,,,,,,,,,,,,,,,,,,,,,,0.00,0.00,,,,,,,,,,259.61,6.69
7800,5.953118,8501.57,9156.73,9156.73,25086.00,23469.92,25086.00,4467.32,1568.08,41978.97,442.56,2.22,4359.62,380.45,776.63,0.00,2088.76,56958.48,,,,,,309237645312.00,5875515260928.00,1.000000,0.0000,,,,,,,,,,,,,,,,,,,,,,0.00,0.00,,,,,,,,,,258.69,6.69
7850,5.825697,8504.14,9156.73,9156.73,25086.00,23469.92,25086.00,4467.32,1568.08,41978.97,442.56,2.22,4359.62,380.85,776.91,0.00,2086.77,56958.48,,,,,,309237645312.00,5875515260928.00,1.000000,0.0000,,,,,,,,,,,,,,,,,,,,,,0.00,0.00,,,,,,,,,,258.94,6.69
7900,5.930787,8504.46,9156.73,9156.73,25086.00,23469.92,25086.00,4467.32,1568.08,41978.97,442.56,2.22,4359.62,381.10,777.07,0.00,2086.77,56958.48,,,,,,309237645312.00,5875515260928.00,1.000000,0.0000,,,,,,,,,,,,,,,,,,,,,,0.00,0.00,,,,,,,,,,258.74,6.69
7950,6.375384,8502.62,9156.73,9156.73,25086.00,23469.92,25086.00,4467.32,1568.08,41978.97,442.56,2.22,4359.62,381.27,777.18,0.00,2087.74,56958.48,,,,,,309237645312.00,5875515260928.00,1.000000,0.0000,,,,,,,,,,,,,,,,,,,,,,0.00,0.00,,,,,,,,,,258.77,6.69
8000,6.246839,8495.93,9156.73,9156.73,25086.00,23469.92,25086.00,4467.32,1568.08,41978.97,442.56,2.22,4359.62,381.34,777.23,0.00,2087.53,56958.48,,,,,,309237645312.00,5875515260928.00,1.000000,0.0000,,,,,,,,,,,,,,,,,,,,,,0.00,0.00,,,,,,,,,,259.11,6.69
8000,,,,,,,,,,,,,,,,,,,6.307772,548.8209,,,,,,,,,,,,,,,,,,,,,,,,,,,,,,,,,,,,,,,,,6.71
8050,5.920399,6647.90,9156.73,9156.73,25086.00,23469.92,25086.00,4467.32,1568.09,41978.97,442.56,2.22,4359.62,381.99,777.66,0.00,2083.71,56958.48,,,,,,309237645312.00,5875515260928.00,1.000000,0.0000,,,,,,,,,,,,,,,,,,,,,,0.00,0.00,,,,,,,,,,258.56,6.71
8100,5.814761,8496.33,9156.73,9156.73,25086.00,23469.92,25086.00,4467.32,1568.09,41978.97,442.56,2.22,4359.62,382.04,777.69,0.00,2084.36,56958.48,,,,,,309237645312.00,5875515260928.00,1.000000,0.0000,,,,,,,,,,,,,,,,,,,,,,0.00,0.00,,,,,,,,,,258.86,6.71
8150,5.761060,8497.15,9156.73,9156.73,25086.00,23469.92,25086.00,4467.32,1568.09,41978.97,442.56,2.22,4359.62,382.09,777.72,0.00,2084.57,56958.48,,,,,,309237645312.00,5875515260928.00,1.000000,0.0000,,,,,,,,,,,,,,,,,,,,,,0.00,0.00,,,,,,,,,,258.56,6.71
8200,6.125455,8498.95,9156.73,9156.73,25086.00,23469.92,25086.00,4467.32,1568.09,41978.97,442.56,2.22,4359.62,382.11,777.73,0.00,2084.29,56958.48,,,,,,309237645312.00,5875515260928.00,1.000000,0.0000,,,,,,,,,,,,,,,,,,,,,,0.00,0.00,,,,,,,,,,259.26,6.71
8250,5.819646,8494.07,9156.73,9156.73,25086.00,23469.92,25086.00,4467.32,1568.09,41978.97,442.56,2.22,4359.62,382.13,777.75,0.00,2083.38,56958.48,,,,,,309237645312.00,5875515260928.00,1.000000,0.0000,,,,,,,,,,,,,,,,,,,,,,0.00,0.00,,,,,,,,,,258.80,6.71
8300,6.323362,8502.36,9156.73,9156.73,25086.00,23469.92,25086.00,4467.32,1568.09,41978.97,442.56,2.22,4359.62,376.54,774.03,0.00,2070.25,56958.48,,,,,,309237645312.00,5875515260928.00,1.000000,0.0000,,,,,,,,,,,,,,,,,,,,,,0.00,0.00,,,,,,,,,,258.41,6.71
8350,5.772011,8497.33,9156.73,9156.73,25086.00,23469.92,25086.00,4467.32,1568.09,41978.97,442.56,2.22,4359.62,379.79,776.20,0.00,2073.74,56958.48,,,,,,309237645312.00,5875515260928.00,1.000000,0.0000,,,,,,,,,,,,,,,,,,,,,,0.00,0.00,,,,,,,,,,258.97,6.71
8400,6.166455,8499.64,9156.73,9156.73,25086.00,23469.92,25086.00,4467.32,1568.09,41978.97,442.56,2.22,4359.62,380.59,776.74,0.00,2076.10,56958.48,,,,,,309237645312.00,5875515260928.00,1.000000,0.0000,,,,,,,,,,,,,,,,,,,,,,0.00,0.00,,,,,,,,,,259.33,6.71
8450,6.219586,8499.12,9156.73,9156.73,25086.00,23469.92,25086.00,4467.32,1568.09,41978.97,442.56,2.22,4359.62,381.00,777.01,0.00,2077.32,56958.48,,,,,,309237645312.00,5875515260928.00,1.000000,0.0000,,,,,,,,,,,,,,,,,,,,,,0.00,0.00,,,,,,,,,,258.96,6.71
8500,5.740926,8500.51,9156.73,9156.73,25086.00,23469.92,25086.00,4467.32,1568.09,41978.97,442.56,2.22,4359.62,381.19,777.14,0.00,2078.30,56958.48,,,,,,309237645312.00,5875515260928.00,1.000000,0.0000,,,,,,,,,,,,,,,,,,,,,,0.00,0.00,,,,,,,,,,258.37,6.71
8500,,,,,,,,,,,,,,,,,,,6.326299,559.0833,,,,,,,,,,,,,,,,,,,,,,,,,,,,,,,,,,,,,,,,,6.73
8550,6.262748,6635.06,9156.73,9156.73,25086.00,23469.92,25086.00,4467.32,1568.09,41978.97,442.56,2.22,4359.62,381.88,777.57,0.00,2080.63,56958.48,,,,,,309237645312.00,5875515260928.00,1.000000,0.0000,,,,,,,,,,,,,,,,,,,,,,0.00,0.00,,,,,,,,,,259.09,6.73
8600,5.633461,8499.03,9156.73,9156.73,25086.00,23469.92,25086.00,4467.32,1568.09,41978.97,442.56,2.22,4359.62,381.96,777.63,0.00,2080.66,56958.48,,,,,,309237645312.00,5875515260928.00,1.000000,0.0000,,,,,,,,,,,,,,,,,,,,,,0.00,0.00,,,,,,,,,,258.50,6.73
8650,5.881516,8501.88,9156.73,9156.73,25086.00,23469.92,25086.00,4467.32,1568.09,41978.97,442.56,2.22,4359.62,382.01,777.66,0.00,2081.24,56958.48,,,,,,309237645312.00,5875515260928.00,1.000000,0.0000,,,,,,,,,,,,,,,,,,,,,,0.00,0.00,,,,,,,,,,259.09,6.73
8700,5.924669,8500.20,9156.73,9156.73,25086.00,23469.92,25086.00,4467.32,1568.09,41978.97,442.56,2.22,4359.62,382.06,777.69,0.00,2084.22,56958.48,,,,,,309237645312.00,5875515260928.00,1.000000,0.0000,,,,,,,,,,,,,,,,,,,,,,0.00,0.00,,,,,,,,,,258.70,6.73
8750,6.170188,8497.33,9156.73,9156.73,25086.00,23469.92,25086.00,4467.32,1568.09,41978.97,442.56,2.22,4359.62,382.09,777.71,0.00,2084.54,56958.48,,,,,,309237645312.00,5875515260928.00,1.000000,0.0000,,,,,,,,,,,,,,,,,,,,,,0.00,0.00,,,,,,,,,,258.75,6.73
8800,6.061016,8501.53,9156.73,9156.73,25086.00,23469.92,25086.00,4467.32,1568.09,41978.97,442.56,2.22,4359.62,382.10,777.72,0.00,2085.78,56958.48,,,,,,309237645312.00,5875515260928.00,1.000000,0.0000,,,,,,,,,,,,,,,,,,,,,,0.00,0.00,,,,,,,,,,258.52,6.73
8850,5.976053,8503.29,9156.73,9156.73,25086.00,23469.92,25086.00,4467.32,1568.09,41978.97,442.56,2.22,4359.62,382.11,777.72,0.00,2085.05,56958.48,,,,,,309237645312.00,5875515260928.00,1.000000,0.0000,,,,,,,,,,,,,,,,,,,,,,0.00,0.00,,,,,,,,,,258.86,6.73
8900,5.872943,8501.40,9156.73,9156.73,25086.00,23469.92,25086.00,4467.32,1568.09,41978.97,442.56,2.22,4359.62,377.59,774.73,0.00,2073.55,56958.48,,,,,,309237645312.00,5875515260928.00,1.000000,0.0000,,,,,,,,,,,,,,,,,,,,,,0.00,0.00,,,,,,,,,,259.35,6.73
8950,6.092864,8499.82,9156.73,9156.73,25086.00,23469.92,25086.00,4467.32,1568.09,41978.97,442.56,2.22,4359.62,379.96,776.31,0.00,2077.22,56958.48,,,,,,309237645312.00,5875515260928.00,1.000000,0.0000,,,,,,,,,,,,,,,,,,,,,,0.00,0.00,,,,,,,,,,258.83,6.73
9000,5.783765,2466.20,9156.73,9156.73,25086.00,23469.92,25086.00,4467.32,1610.05,41978.97,442.81,2.22,4359.62,424.36,819.90,0.00,2129.89,56958.48,,,,,,309237645312.00,5875515260928.00,1.000000,0.0000,,,,,,,,,,,,,,,,,,,,,,0.00,0.00,,,,,,,,,,259.09,6.73
9000,,,,,,,,,,,,,,,,,,,6.325158,558.4462,,,,,,,,,,,,,,,,,,,,,,,,,,,,,,,,,,,,,,,,,6.71
9050,6.011651,6668.86,9156.73,9156.73,25086.00,23469.92,25086.00,4467.32,1610.05,41978.97,442.81,2.22,4359.62,425.16,820.41,0.00,2124.93,56958.48,,,,,,309237645312.00,5875515260928.00,1.000000,0.0000,,,,,,,,,,,,,,,,,,,,,,0.00,0.00,,,,,,,,,,257.37,6.71
9100,6.063429,8531.10,9156.73,9156.73,25086.00,23469.92,25086.00,4467.32,1610.05,41978.97,442.81,2.22,4359.62,425.35,820.54,0.00,2127.54,56958.48,,,,,,309237645312.00,5875515260928.00,1.000000,0.0000,,,,,,,,,,,,,,,,,,,,,,0.00,0.00,,,,,,,,,,258.38,6.71
9150,5.875488,8516.20,9156.73,9156.73,25086.00,23469.92,25086.00,4467.32,1610.05,41978.97,442.81,2.22,4359.62,425.46,820.61,0.00,2125.61,56958.48,,,,,,309237645312.00,5875515260928.00,1.000000,0.0000,,,,,,,,,,,,,,,,,,,,,,0.00,0.00,,,,,,,,,,258.76,6.71
9200,5.812691,8508.79,9156.73,9156.73,25086.00,23469.92,25086.00,4467.32,1610.05,41978.97,442.81,2.22,4359.62,425.52,820.66,0.00,2125.45,56958.48,,,,,,309237645312.00,5875515260928.00,1.000000,0.0000,,,,,,,,,,,,,,,,,,,,,,0.00,0.00,,,,,,,,,,258.72,6.71
9250,6.024153,8506.72,9156.73,9156.73,25086.00,23469.92,25086.00,4467.32,1610.05,41978.97,442.81,2.22,4359.62,425.60,820.71,0.00,2127.79,56958.48,,,,,,309237645312.00,5875515260928.00,1.000000,0.0000,,,,,,,,,,,,,,,,,,,,,,0.00,0.00,,,,,,,,,,258.31,6.71
9300,6.047861,8507.71,9156.73,9156.73,25086.00,23469.92,25086.00,4467.32,1610.05,41978.97,442.81,2.22,4359.62,425.62,820.73,0.00,2127.98,56958.48,,,,,,309237645312.00,5875515260928.00,1.000000,0.0000,,,,,,,,,,,,,,,,,,,,,,0.00,0.00,,,,,,,,,,258.25,6.71
9350,5.954302,8507.75,9156.73,9156.73,25086.00,23469.92,25086.00,4467.32,1610.05,41978.97,442.81,2.22,4359.62,425.66,820.75,0.00,2130.70,56958.48,,,,,,309237645312.00,5875515260928.00,1.000000,0.0000,,,,,,,,,,,,,,,,,,,,,,0.00,0.00,,,,,,,,,,258.64,6.71
9400,5.964281,8504.12,9156.73,9156.73,25086.00,23469.92,25086.00,4467.32,1610.05,41978.97,442.81,2.22,4359.62,425.68,820.76,0.00,2128.63,56958.48,,,,,,309237645312.00,5875515260928.00,1.000000,0.0000,,,,,,,,,,,,,,,,,,,,,,0.00,0.00,,,,,,,,,,258.68,6.71
9450,6.055121,8504.54,9156.73,9156.73,25086.00,23469.92,25086.00,4467.32,1610.05,41978.97,442.81,2.22,4359.62,425.68,820.77,0.00,2132.32,56958.48,,,,,,309237645312.00,5875515260928.00,1.000000,0.0000,,,,,,,,,,,,,,,,,,,,,,0.00,0.00,,,,,,,,,,258.91,6.71
9500,5.912875,2471.30,9156.73,9156.73,25086.00,23469.92,25086.00,4467.32,1610.10,41978.97,442.81,2.22,4359.62,419.92,816.95,0.00,2174.09,56958.48,,,,,,309237645312.00,5875515260928.00,1.000000,0.0000,,,,,,,,,,,,,,,,,,,,,,0.00,0.00,,,,,,,,,,258.51,6.71
9500,,,,,,,,,,,,,,,,,,,6.304489,547.0219,,,,,,,,,,,,,,,,,,,,,,,,,,,,,,,,,,,,,,,,,6.72
9550,5.573558,6666.93,9156.73,9156.73,25086.00,23469.92,25086.00,4467.32,1610.10,41978.97,442.81,2.22,4359.62,422.34,818.55,0.00,2182.30,56958.48,,,,,,309237645312.00,5875515260928.00,1.000000,0.0000,,,,,,,,,,,,,,,,,,,,,,0.00,0.00,,,,,,,,,,257.96,6.72
9600,5.786707,8538.48,9156.73,9156.73,25086.00,23469.92,25086.00,4467.32,1610.10,41978.97,442.81,2.22,4359.62,422.86,818.90,0.00,2182.34,56958.48,,,,,,309237645312.00,5875515260928.00,1.000000,0.0000,,,,,,,,,,,,,,,,,,,,,,0.00,0.00,,,,,,,,,,257.73,6.72
9650,5.443248,8517.61,9156.73,9156.73,25086.00,23469.92,25086.00,4467.32,1610.10,41978.97,442.81,2.22,4359.62,423.18,819.11,0.00,2185.53,56958.48,,,,,,309237645312.00,5875515260928.00,1.000000,0.0000,,,,,,,,,,,,,,,,,,,,,,0.00,0.00,,,,,,,,,,258.20,6.72
9700,5.798962,8511.28,9156.73,9156.73,25086.00,23469.92,25086.00,4467.32,1610.10,41978.97,442.81,2.22,4359.62,423.33,819.22,0.00,2183.45,56958.48,,,,,,309237645312.00,5875515260928.00,1.000000,0.0000,,,,,,,,,,,,,,,,,,,,,,0.00,0.00,,,,,,,,,,257.63,6.72
9750,5.888881,8510.82,9156.73,9156.73,25086.00,23469.92,25086.00,4467.32,1610.10,41978.97,442.81,2.22,4359.62,423.44,819.29,0.00,2184.14,56958.48,,,,,,309237645312.00,5875515260928.00,1.000000,0.0000,,,,,,,,,,,,,,,,,,,,,,0.00,0.00,,,,,,,,,,258.30,6.72
9800,5.863117,8506.75,9156.73,9156.73,25086.00,23469.92,25086.00,4467.32,1610.10,41978.97,442.81,2.22,4359.62,423.51,819.33,0.00,2183.05,56958.48,,,,,,309237645312.00,5875515260928.00,1.000000,0.0000,,,,,,,,,,,,,,,,,,,,,,0.00,0.00,,,,,,,,,,258.82,6.72
9850,5.507253,8504.20,9156.73,9156.73,25086.00,23469.92,25086.00,4467.32,1610.10,41978.97,442.81,2.22,4359.62,423.55,819.36,0.00,2183.78,56958.48,,,,,,309237645312.00,5875515260928.00,1.000000,0.0000,,,,,,,,,,,,,,,,,,,,,,0.00,0.00,,,,,,,,,,258.54,6.72
9900,5.979968,8506.74,9156.73,9156.73,25086.00,23469.92,25086.00,4467.32,1610.10,41978.97,442.81,2.22,4359.62,423.59,819.38,0.00,2183.97,56958.48,,,,,,309237645312.00,5875515260928.00,1.000000,0.0000,,,,,,,,,,,,,,,,,,,,,,0.00,0.00,,,,,,,,,,258.39,6.72
9950,5.972963,8504.44,9156.73,9156.73,25086.00,23469.92,25086.00,4467.32,1610.10,41978.97,442.81,2.22,4359.62,423.61,819.40,0.00,2184.29,56958.48,,,,,,309237645312.00,5875515260928.00,1.000000,0.0000,,,,,,,,,,,,,,,,,,,,,,0.00,0.00,,,,,,,,,,259.14,6.72
10000,5.771711,1394.53,9156.73,9156.73,25086.00,23469.92,25086.00,4467.32,1614.10,41978.97,442.81,2.22,4359.62,428.70,824.12,0.00,2190.17,56958.48,,,,,,309237645312.00,5875515260928.00,1.000000,0.0000,,,,,,,,,,,,,,,,,,,,,,0.00,0.00,,,,,,,,,,258.35,6.72
10000,,,,,,,,,,,,,,,,,,,6.302460,545.9133,,,,,,,,,,,,,,,,,,,,,,,,,,,,,,,,,,,,,,,,,6.64
